,Unnamed: 0,cdr3,antigen.epitope,vdjdb.score,cdr3_truncated,index
0,21291,CASSLWLNEQFF,NLVPMVATV,3,SSLWLNEQ,248
1,21292,CASSPKTGASYGYTF,NLVPMVATV,3,PKTGASYG,540
2,21293,CASSFVSFDEQFF,NLVPMVATV,3,SFVSFDEQ,420
3,21294,CASSSAYYGYTF,NLVPMVATV,3,SSSAYYGY,536
4,21295,CASSADSYGANVLTF,NLVPMVATV,3,ADSYGANV,99
5,21296,CSVDPGHTGEKLFF,NLVPMVATV,3,DPGHTGEK,763
6,21297,CASSLVGGRHGYTF,NLVPMVATV,3,SLVGGRHG,81
7,21298,CASSHDPTWGPGNTIYF,NLVPMVATV,3,DPTWGPGN,793
8,21299,CASSFGQGSSPLHF,NLVPMVATV,3,SFGQGSSP,172
9,21300,CASSLETVNTEAFF,NLVPMVATV,3,SLETVNTE,173
10,21301,CASSSFYDSNEKLFF,NLVPMVATV,3,SFYDSNEK,694
11,21302,CASSLASPGHFTGELFF,NLVPMVATV,3,ASPGHFTG,239
12,21303,CASRRQGTVYEQYF,NLVPMVATV,3,RRQGTVYE,746
13,21304,CASRIELPGAGELFF,NLVPMVATV,3,IELPGAGE,413
14,21305,CASSLGFLGPAAGNTIYF,NLVPMVATV,3,GFLGPAAG,253
15,21306,CSARDHGGDYGYTF,NLVPMVATV,3,RDHGGDYG,271
16,21307,CASSLEVTGLNTEAFF,NLVPMVATV,3,LEVTGLNT,656
17,21308,CASSDSGEAGELFF,NLVPMVATV,3,SDSGEAGE,25
18,21309,CSGGQDYNEQFF,NLVPMVATV,3,GGQDYNEQ,559
19,21310,CASSEDSGGYNEQFF,NLVPMVATV,3,EDSGGYNE,728
20,21311,CASSDSTSGGNEQFF,NLVPMVATV,3,DSTSGGNE,445
21,21312,CSARDMASGRNEQYF,NLVPMVATV,3,DMASGRNE,486
22,21313,CASSPGGGMNTEAFF,NLVPMVATV,3,PGGGMNTE,174
23,21314,CASSFDPGSYGYTF,NLVPMVATV,3,SFDPGSYG,636
24,21315,CASSPASGSLFF,NLVPMVATV,3,SSPASGSL,33
25,21316,CASSEGLGGALYGYTF,NLVPMVATV,3,EGLGGALY,358
26,21317,CASSPDYDQETQYF,NLVPMVATV,3,SPDYDQET,504
27,21318,CASTHGTSGEDTQYF,NLVPMVATV,3,HGTSGEDT,570
28,21319,CASLPTGTNTGELFF,NLVPMVATV,3,PTGTNTGE,140
29,21320,CASSLQGASGYTF,NLVPMVATV,3,SLQGASGY,328
30,21321,CASTGGGALGTEAFF,NLVPMVATV,3,GGGALGTE,304
31,21322,CASSSAYYGYTF,NLVPMVATV,3,SSSAYYGY,536
32,21323,CASSIVAGGYNEQFF,NLVPMVATV,3,IVAGGYNE,410
33,21324,CASSRDRTGRANYGYTF,NLVPMVATV,3,DRTGRANY,309
34,21325,CASSPRTSFETQYF,NLVPMVATV,3,SPRTSFET,577
35,21326,CASSPGTFRYTF,NLVPMVATV,3,SSPGTFRY,134
36,21327,CASSPTDRGNTGELFF,NLVPMVATV,3,PTDRGNTG,790
37,21328,CASSGRGFLNYGYTF,NLVPMVATV,3,GRGFLNYG,769
38,21329,CASSLVGTGELFF,NLVPMVATV,3,SLVGTGEL,228
39,21330,CASSHGAAAGETEAFF,NLVPMVATV,3,HGAAAGET,658
40,21331,CASGSGLAGNEQFF,NLVPMVATV,3,GSGLAGNE,350
41,21332,CASSQVAGGAGGPREYNEQFF,NLVPMVATV,3,GGAGGPRE,357
42,21333,CASSVGLGFTDTQYF,NLVPMVATV,3,VGLGFTDT,423
43,21334,CASSEARQGLDTEAFF,NLVPMVATV,3,EARQGLDT,747
44,21335,CASSLFAGAETQYF,NLVPMVATV,3,SLFAGAET,180
45,21336,CASRKLAGPTDTQYF,NLVPMVATV,3,KLAGPTDT,279
46,21337,CATSATGLRNQPQHF,NLVPMVATV,3,ATGLRNQP,68
47,21338,CASSLESWGRAYNEQFF,NLVPMVATV,3,ESWGRAYN,201
48,21339,CASLAGVRTDTQYF,NLVPMVATV,3,LAGVRTDT,185
49,21340,CASSNFLGQGDEKLFF,NLVPMVATV,3,NFLGQGDE,41
50,21341,CASSEPIGTGGNQPQHF,NLVPMVATV,3,PIGTGGNQ,706
51,21342,CASRQENSGNTIYF,NLVPMVATV,3,RQENSGNT,100
52,21343,CASSSQGWGRVYSEQFF,NLVPMVATV,3,QGWGRVYS,379
53,21344,CSATPSGYGYTF,NLVPMVATV,3,ATPSGYGY,237
54,21345,CASSVEVGTGDNEQFF,NLVPMVATV,3,VEVGTGDN,748
55,21346,CASSIQKAGYNEQFF,NLVPMVATV,3,IQKAGYNE,720
56,21347,CAAGTRTDTQYF,NLVPMVATV,3,AGTRTDTQ,519
57,21348,CASSVDSGSTNEQFF,NLVPMVATV,3,VDSGSTNE,221
58,21349,CASSLGTGELFF,NLVPMVATV,3,SSLGTGEL,815
59,21350,CASSLSGVPHNNEQFF,NLVPMVATV,3,LSGVPHNN,508
60,21351,CASSQTRTSGRVDPDTQYF,NLVPMVATV,3,RTSGRVDP,734
61,21352,CASRRPGGDTEAFF,NLVPMVATV,3,RRPGGDTE,457
62,21353,CASSLNSGLYNEQFF,NLVPMVATV,3,LNSGLYNE,196
63,21354,CASSLNGRADTQYF,NLVPMVATV,3,SLNGRADT,623
64,21355,CASSRQESYGYTF,NLVPMVATV,3,SRQESYGY,718
65,21356,CAISEQEDQPQHF,NLVPMVATV,3,SEQEDQPQ,432
66,21357,CASSVEGQGDTEAFF,NLVPMVATV,3,VEGQGDTE,78
67,21358,CASSPLRGVYYNEQFF,NLVPMVATV,3,PLRGVYYN,48
68,21359,CASTPYRRGPHLYGYTF,NLVPMVATV,3,YRRGPHLY,598
69,21360,CASSLVVMGTGFTDTQYF,NLVPMVATV,3,VVMGTGFT,274
70,21361,CASSLAQQGLAEAFF,NLVPMVATV,3,LAQQGLAE,10
71,21362,CASSPSTGTIYGYTF,NLVPMVATV,3,PSTGTIYG,373
72,21363,CAISESRSRVTDTQYF,NLVPMVATV,3,ESRSRVTD,561
73,21364,CASSPSDYGYTF,NLVPMVATV,3,SSPSDYGY,646
74,21365,CAISEYPPTGRKADTQYF,NLVPMVATV,3,YPPTGRKA,295
75,21366,CASSQVGTVYGYTF,NLVPMVATV,3,SQVGTVYG,761
76,21367,CSAADRGLGETQYF,NLVPMVATV,3,ADRGLGET,241
77,21368,CASRGTGGGSGQPQHF,NLVPMVATV,3,GTGGGSGQ,426
78,21369,CASSYDRGPREGYTF,NLVPMVATV,3,YDRGPREG,730
79,21370,CASSTRSTGELFF,NLVPMVATV,3,STRSTGEL,111
80,21371,CASSLRGQGFYEQFF,NLVPMVATV,3,LRGQGFYE,690
81,21372,CSGDRSSDTQYF,NLVPMVATV,3,GDRSSDTQ,329
82,21373,CASSPSWGEVNTEAFF,NLVPMVATV,3,PSWGEVNT,610
83,21374,CASSPGYGSSGNTIYF,NLVPMVATV,3,PGYGSSGN,446
84,21375,CASSPPGLPGYTF,NLVPMVATV,3,SPPGLPGY,713
85,21376,CASSPGQLQETQYF,NLVPMVATV,3,SPGQLQET,372
86,21377,CASSSGLAGVETGELFF,NLVPMVATV,3,GLAGVETG,335
87,21378,CASSLQVWNEQFF,NLVPMVATV,3,SLQVWNEQ,497
88,21379,CASSLQGIGAKNIQYF,NLVPMVATV,3,LQGIGAKN,261
89,21380,CASSFQGYTEAFF,NLVPMVATV,3,SFQGYTEA,524
90,21381,CASSSGGLSEQYF,NLVPMVATV,3,SSGGLSEQ,89
91,21382,CSARGADTQYF,NLVPMVATV,3,ARGADTQY,363
92,21383,CASSSGGLSEQYF,NLVPMVATV,3,SSGGLSEQ,89
93,21384,CASSLELAAWETQYF,NLVPMVATV,3,LELAAWET,795
94,21385,CSARDLRLLANTGELFF,NLVPMVATV,3,LRLLANTG,430
95,21386,CASSTGSYGYTF,NLVPMVATV,3,SSTGSYGY,20
96,21387,CASSSGIYGYTF,NLVPMVATV,3,SSSGIYGY,130
97,21388,CASSLAGFTGELFF,NLVPMVATV,3,SLAGFTGE,349
98,21389,CASSPTLVTSGNTIYF,NLVPMVATV,3,PTLVTSGN,434
99,21390,CASSEGYIYEQYF,NLVPMVATV,3,SEGYIYEQ,494
100,21391,CASSYASNQPQHF,NLVPMVATV,3,SYASNQPQ,772
101,21392,CAISVSGTRVYNEQFF,NLVPMVATV,3,VSGTRVYN,741
102,21393,CASSLGQGNSPLHF,NLVPMVATV,3,SLGQGNSP,417
103,21394,CASSLKAGNQPQHF,NLVPMVATV,3,SLKAGNQP,588
104,21395,CASSVGTLYSGANVLTF,NLVPMVATV,3,GTLYSGAN,369
105,21396,CASSLLGGAGTGELFF,NLVPMVATV,3,LLGGAGTG,633
106,21397,CSVEGDTGELFF,NLVPMVATV,3,VEGDTGEL,441
107,21398,CASSQGLAGEVYTGELFF,NLVPMVATV,3,GLAGEVYT,181
108,21399,CASSLDRPSGMAAETQYF,NLVPMVATV,3,DRPSGMAA,714
109,21400,CASSINRDLLNGYTF,NLVPMVATV,3,INRDLLNG,691
110,21401,CASSYWDRTTSGNTIYF,NLVPMVATV,3,WDRTTSGN,527
111,21402,CASSHTSGNGDTQYF,NLVPMVATV,3,HTSGNGDT,150
112,21403,CASSDSRANTGELFF,NLVPMVATV,3,DSRANTGE,665
113,21404,CSARLPRDYSNQPQHF,NLVPMVATV,3,LPRDYSNQ,24
114,21405,CASSLAEKANTGELFF,NLVPMVATV,3,LAEKANTG,560
115,21406,CSILGSNAGPQETQYF,NLVPMVATV,3,GSNAGPQE,782
116,21407,CAIDRVGTGELFF,NLVPMVATV,3,DRVGTGEL,624
117,21408,CASTGSVSTDTQYF,NLVPMVATV,3,TGSVSTDT,280
118,21409,CASSRGHPLQFF,NLVPMVATV,3,SSRGHPLQ,745
119,21410,CASSISAGVGVGQETQYF,NLVPMVATV,3,SAGVGVGQ,814
120,21411,CASSLVGGPSVQFF,NLVPMVATV,3,SLVGGPSV,301
121,21412,CATSDSAGYNEQFF,NLVPMVATV,3,SDSAGYNE,592
122,21413,CASSVTGTEADEQFF,NLVPMVATV,3,VTGTEADE,539
123,21414,CASSPPGTSGGRNEQFF,NLVPMVATV,3,PGTSGGRN,781
124,21415,CASSDRLENNEKLFF,NLVPMVATV,3,DRLENNEK,325
125,21416,CASTRESTDTQYF,NLVPMVATV,3,TRESTDTQ,717
126,21417,CASSLGGTGWTEAFF,NLVPMVATV,3,LGGTGWTE,574
127,21418,CASSFKDTNTGELFF,NLVPMVATV,3,FKDTNTGE,594
128,21419,CASSLGAANYNEQFF,NLVPMVATV,3,LGAANYNE,479
129,21420,CATSEGNEQFF,NLVPMVATV,3,TSEGNEQF,38
130,21421,CASSSRTGDQETQYF,NLVPMVATV,3,SRTGDQET,478
131,21422,CASSLWLNEQFF,NLVPMVATV,3,SSLWLNEQ,248
132,21423,CASSPKTGASYGYTF,NLVPMVATV,3,PKTGASYG,540
133,21424,CASSFVSFDEQFF,NLVPMVATV,3,SFVSFDEQ,420
134,21425,CASSSAYYGYTF,NLVPMVATV,3,SSSAYYGY,536
135,21426,CASSADSYGANVLTF,NLVPMVATV,3,ADSYGANV,99
136,21427,CSVDPGHTGEKLFF,NLVPMVATV,3,DPGHTGEK,763
137,21428,CASSLVGGRHGYTF,NLVPMVATV,3,SLVGGRHG,81
138,21429,CASSHDPTWGPGNTIYF,NLVPMVATV,3,DPTWGPGN,793
139,21430,CASSFGQGSSPLHF,NLVPMVATV,3,SFGQGSSP,172
140,21431,CASSLETVNTEAFF,NLVPMVATV,3,SLETVNTE,173
141,21432,CASSSFYDSNEKLFF,NLVPMVATV,3,SFYDSNEK,694
142,21433,CASSLASPGHFTGELFF,NLVPMVATV,3,ASPGHFTG,239
143,21434,CASRRQGTVYEQYF,NLVPMVATV,3,RRQGTVYE,746
144,21435,CASRIELPGAGELFF,NLVPMVATV,3,IELPGAGE,413
145,21436,CASSLGFLGPAAGNTIYF,NLVPMVATV,3,GFLGPAAG,253
146,21437,CSARDHGGDYGYTF,NLVPMVATV,3,RDHGGDYG,271
147,21438,CASSLEVTGLNTEAFF,NLVPMVATV,3,LEVTGLNT,656
148,21439,CASSDSGEAGELFF,NLVPMVATV,3,SDSGEAGE,25
149,21440,CSGGQDYNEQFF,NLVPMVATV,3,GGQDYNEQ,559
150,21441,CASSEDSGGYNEQFF,NLVPMVATV,3,EDSGGYNE,728
151,21442,CASSDSTSGGNEQFF,NLVPMVATV,3,DSTSGGNE,445
152,21443,CSARDMASGRNEQYF,NLVPMVATV,3,DMASGRNE,486
153,21444,CASSPGGGMNTEAFF,NLVPMVATV,3,PGGGMNTE,174
154,21445,CASSFDPGSYGYTF,NLVPMVATV,3,SFDPGSYG,636
155,21446,CASSPASGSLFF,NLVPMVATV,3,SSPASGSL,33
156,21447,CASSEGLGGALYGYTF,NLVPMVATV,3,EGLGGALY,358
157,21448,CASSPDYDQETQYF,NLVPMVATV,3,SPDYDQET,504
158,21449,CASTHGTSGEDTQYF,NLVPMVATV,3,HGTSGEDT,570
159,21450,CASLPTGTNTGELFF,NLVPMVATV,3,PTGTNTGE,140
160,21451,CASSLQGASGYTF,NLVPMVATV,3,SLQGASGY,328
161,21452,CASTGGGALGTEAFF,NLVPMVATV,3,GGGALGTE,304
162,21453,CASSSAYYGYTF,NLVPMVATV,3,SSSAYYGY,536
163,21454,CASSIVAGGYNEQFF,NLVPMVATV,3,IVAGGYNE,410
164,21455,CASSRDRTGRANYGYTF,NLVPMVATV,3,DRTGRANY,309
165,21456,CASSPRTSFETQYF,NLVPMVATV,3,SPRTSFET,577
166,21457,CASSPGTFRYTF,NLVPMVATV,3,SSPGTFRY,134
167,21458,CASSPTDRGNTGELFF,NLVPMVATV,3,PTDRGNTG,790
168,21459,CASSGRGFLNYGYTF,NLVPMVATV,3,GRGFLNYG,769
169,21460,CASSLVGTGELFF,NLVPMVATV,3,SLVGTGEL,228
170,21461,CASSHGAAAGETEAFF,NLVPMVATV,3,HGAAAGET,658
171,21462,CASGSGLAGNEQFF,NLVPMVATV,3,GSGLAGNE,350
172,21463,CASSQVAGGAGGPREYNEQFF,NLVPMVATV,3,GGAGGPRE,357
173,21464,CASSVGLGFTDTQYF,NLVPMVATV,3,VGLGFTDT,423
174,21465,CASSEARQGLDTEAFF,NLVPMVATV,3,EARQGLDT,747
175,21466,CASSLFAGAETQYF,NLVPMVATV,3,SLFAGAET,180
176,21467,CASRKLAGPTDTQYF,NLVPMVATV,3,KLAGPTDT,279
177,21468,CATSATGLRNQPQHF,NLVPMVATV,3,ATGLRNQP,68
178,21469,CASSLESWGRAYNEQFF,NLVPMVATV,3,ESWGRAYN,201
179,21470,CASLAGVRTDTQYF,NLVPMVATV,3,LAGVRTDT,185
180,21471,CASSNFLGQGDEKLFF,NLVPMVATV,3,NFLGQGDE,41
181,21472,CASSEPIGTGGNQPQHF,NLVPMVATV,3,PIGTGGNQ,706
182,21473,CASRQENSGNTIYF,NLVPMVATV,3,RQENSGNT,100
183,21474,CASSSQGWGRVYSEQFF,NLVPMVATV,3,QGWGRVYS,379
184,21475,CSATPSGYGYTF,NLVPMVATV,3,ATPSGYGY,237
185,21476,CASSVEVGTGDNEQFF,NLVPMVATV,3,VEVGTGDN,748
186,21477,CASSIQKAGYNEQFF,NLVPMVATV,3,IQKAGYNE,720
187,21478,CAAGTRTDTQYF,NLVPMVATV,3,AGTRTDTQ,519
188,21479,CASSVDSGSTNEQFF,NLVPMVATV,3,VDSGSTNE,221
189,21480,CASSLGTGELFF,NLVPMVATV,3,SSLGTGEL,815
190,21481,CASSLSGVPHNNEQFF,NLVPMVATV,3,LSGVPHNN,508
191,21482,CASSQTRTSGRVDPDTQYF,NLVPMVATV,3,RTSGRVDP,734
192,21483,CASRRPGGDTEAFF,NLVPMVATV,3,RRPGGDTE,457
193,21484,CASSLNSGLYNEQFF,NLVPMVATV,3,LNSGLYNE,196
194,21485,CASSLNGRADTQYF,NLVPMVATV,3,SLNGRADT,623
195,21486,CASSRQESYGYTF,NLVPMVATV,3,SRQESYGY,718
196,21487,CAISEQEDQPQHF,NLVPMVATV,3,SEQEDQPQ,432
197,21488,CASSVEGQGDTEAFF,NLVPMVATV,3,VEGQGDTE,78
198,21489,CASSPLRGVYYNEQFF,NLVPMVATV,3,PLRGVYYN,48
199,21490,CASTPYRRGPHLYGYTF,NLVPMVATV,3,YRRGPHLY,598
200,21491,CASSLVVMGTGFTDTQYF,NLVPMVATV,3,VVMGTGFT,274
201,21492,CASSLAQQGLAEAFF,NLVPMVATV,3,LAQQGLAE,10
202,21493,CASSPSTGTIYGYTF,NLVPMVATV,3,PSTGTIYG,373
203,21494,CAISESRSRVTDTQYF,NLVPMVATV,3,ESRSRVTD,561
204,21495,CASSPSDYGYTF,NLVPMVATV,3,SSPSDYGY,646
205,21496,CAISEYPPTGRKADTQYF,NLVPMVATV,3,YPPTGRKA,295
206,21497,CASSQVGTVYGYTF,NLVPMVATV,3,SQVGTVYG,761
207,21498,CSAADRGLGETQYF,NLVPMVATV,3,ADRGLGET,241
208,21499,CASRGTGGGSGQPQHF,NLVPMVATV,3,GTGGGSGQ,426
209,21500,CASSYDRGPREGYTF,NLVPMVATV,3,YDRGPREG,730
210,21501,CASSTRSTGELFF,NLVPMVATV,3,STRSTGEL,111
211,21502,CASSLRGQGFYEQFF,NLVPMVATV,3,LRGQGFYE,690
212,21503,CSGDRSSDTQYF,NLVPMVATV,3,GDRSSDTQ,329
213,21504,CASSPSWGEVNTEAFF,NLVPMVATV,3,PSWGEVNT,610
214,21505,CASSPGYGSSGNTIYF,NLVPMVATV,3,PGYGSSGN,446
215,21506,CASSPPGLPGYTF,NLVPMVATV,3,SPPGLPGY,713
216,21507,CASSPGQLQETQYF,NLVPMVATV,3,SPGQLQET,372
217,21508,CASSSGLAGVETGELFF,NLVPMVATV,3,GLAGVETG,335
218,21509,CASSLQVWNEQFF,NLVPMVATV,3,SLQVWNEQ,497
219,21510,CASSLQGIGAKNIQYF,NLVPMVATV,3,LQGIGAKN,261
220,21511,CASSFQGYTEAFF,NLVPMVATV,3,SFQGYTEA,524
221,21512,CASSSGGLSEQYF,NLVPMVATV,3,SSGGLSEQ,89
222,21513,CSARGADTQYF,NLVPMVATV,3,ARGADTQY,363
223,21514,CASSSGGLSEQYF,NLVPMVATV,3,SSGGLSEQ,89
224,21515,CASSLELAAWETQYF,NLVPMVATV,3,LELAAWET,795
225,21516,CSARDLRLLANTGELFF,NLVPMVATV,3,LRLLANTG,430
226,21517,CASSTGSYGYTF,NLVPMVATV,3,SSTGSYGY,20
227,21518,CASSSGIYGYTF,NLVPMVATV,3,SSSGIYGY,130
228,21519,CASSLAGFTGELFF,NLVPMVATV,3,SLAGFTGE,349
229,21520,CASSPTLVTSGNTIYF,NLVPMVATV,3,PTLVTSGN,434
230,21521,CASSEGYIYEQYF,NLVPMVATV,3,SEGYIYEQ,494
231,21522,CASSYASNQPQHF,NLVPMVATV,3,SYASNQPQ,772
232,21523,CAISVSGTRVYNEQFF,NLVPMVATV,3,VSGTRVYN,741
233,21524,CASSLGQGNSPLHF,NLVPMVATV,3,SLGQGNSP,417
234,21525,CASSLKAGNQPQHF,NLVPMVATV,3,SLKAGNQP,588
235,21526,CASSVGTLYSGANVLTF,NLVPMVATV,3,GTLYSGAN,369
236,21527,CASSLLGGAGTGELFF,NLVPMVATV,3,LLGGAGTG,633
237,21528,CSVEGDTGELFF,NLVPMVATV,3,VEGDTGEL,441
238,21529,CASSQGLAGEVYTGELFF,NLVPMVATV,3,GLAGEVYT,181
239,21530,CASSLDRPSGMAAETQYF,NLVPMVATV,3,DRPSGMAA,714
240,21531,CASSINRDLLNGYTF,NLVPMVATV,3,INRDLLNG,691
241,21532,CASSYWDRTTSGNTIYF,NLVPMVATV,3,WDRTTSGN,527
242,21533,CASSHTSGNGDTQYF,NLVPMVATV,3,HTSGNGDT,150
243,21534,CASSDSRANTGELFF,NLVPMVATV,3,DSRANTGE,665
244,21535,CSARLPRDYSNQPQHF,NLVPMVATV,3,LPRDYSNQ,24
245,21536,CASSLAEKANTGELFF,NLVPMVATV,3,LAEKANTG,560
246,21537,CSILGSNAGPQETQYF,NLVPMVATV,3,GSNAGPQE,782
247,21538,CAIDRVGTGELFF,NLVPMVATV,3,DRVGTGEL,624
248,21539,CASTGSVSTDTQYF,NLVPMVATV,3,TGSVSTDT,280
249,21540,CASSRGHPLQFF,NLVPMVATV,3,SSRGHPLQ,745
250,21541,CASSISAGVGVGQETQYF,NLVPMVATV,3,SAGVGVGQ,814
251,21542,CASSLVGGPSVQFF,NLVPMVATV,3,SLVGGPSV,301
252,21543,CATSDSAGYNEQFF,NLVPMVATV,3,SDSAGYNE,592
253,21544,CASSVTGTEADEQFF,NLVPMVATV,3,VTGTEADE,539
254,21545,CASSPPGTSGGRNEQFF,NLVPMVATV,3,PGTSGGRN,781
255,21546,CASSDRLENNEKLFF,NLVPMVATV,3,DRLENNEK,325
256,21547,CASTRESTDTQYF,NLVPMVATV,3,TRESTDTQ,717
257,21548,CASSLGGTGWTEAFF,NLVPMVATV,3,LGGTGWTE,574
258,21549,CASSFKDTNTGELFF,NLVPMVATV,3,FKDTNTGE,594
259,21550,CASSLGAANYNEQFF,NLVPMVATV,3,LGAANYNE,479
260,21551,CATSEGNEQFF,NLVPMVATV,3,TSEGNEQF,38
261,21552,CASSSRTGDQETQYF,NLVPMVATV,3,SRTGDQET,478
262,21553,CASSLWLNEQFF,NLVPMVATV,3,SSLWLNEQ,248
263,21554,CASSPKTGASYGYTF,NLVPMVATV,3,PKTGASYG,540
264,21555,CASSFVSFDEQFF,NLVPMVATV,3,SFVSFDEQ,420
265,21556,CASSADSYGANVLTF,NLVPMVATV,3,ADSYGANV,99
266,21557,CASRRQGTVYEQYF,NLVPMVATV,3,RRQGTVYE,746
267,21558,CASSLVGGRHGYTF,NLVPMVATV,3,SLVGGRHG,81
268,21559,CASSLETVNTEAFF,NLVPMVATV,3,SLETVNTE,173
269,21560,CASSSFYDSNEKLFF,NLVPMVATV,3,SFYDSNEK,694
270,21561,CASSPSTGTIYGYTF,NLVPMVATV,3,PSTGTIYG,373
271,21562,CSVDPGHTGEKLFF,NLVPMVATV,3,DPGHTGEK,763
272,21563,CASSSVNVAFF,NLVPMVATV,3,SSSVNVAF,65
273,21564,CASSDPGVDRNTEAFF,NLVPMVATV,3,DPGVDRNT,576
274,21565,CASSHGTGYNQPQHF,NLVPMVATV,3,HGTGYNQP,589
275,21566,CASSLEIQGSGAFF,NLVPMVATV,3,SLEIQGSG,322
276,21567,CASSDGIGQGASGYTF,NLVPMVATV,3,DGIGQGAS,255
277,21568,CASSARGGGNNEQFF,NLVPMVATV,3,ARGGGNNE,131
278,21569,CASSYSGTNQPQHF,NLVPMVATV,3,SYSGTNQP,302
279,21570,CASSYSGTGDYGYTF,NLVPMVATV,3,YSGTGDYG,597
280,21571,CASSPVGGDYGYTF,NLVPMVATV,3,SPVGGDYG,484
281,21572,CASSLDLYGYTF,NLVPMVATV,3,SSLDLYGY,132
282,21573,CSARDRGGENTGELFF,NLVPMVATV,3,DRGGENTG,388
283,21574,CASSFQGIRVEAFF,NLVPMVATV,3,SFQGIRVE,123
284,21575,CASSPPGRGNTGELFF,NLVPMVATV,3,PPGRGNTG,121
285,21576,CASSFGQRDRGYWRNTEAFF,NLVPMVATV,3,QRDRGYWR,247
286,21577,CASGFTGGRNTEAFF,NLVPMVATV,3,FTGGRNTE,647
287,21578,CASSIVAGAGAGELFF,NLVPMVATV,3,IVAGAGAG,711
288,21579,CATSDLLAGGKTGELFF,NLVPMVATV,3,LLAGGKTG,199
289,21580,CASSATGSNTGELFF,NLVPMVATV,3,ATGSNTGE,171
290,21581,CASSMGTVYLNTEAFF,NLVPMVATV,3,MGTVYLNT,348
291,21582,CASSLLGVSYYNEQFF,NLVPMVATV,3,LLGVSYYN,754
292,21583,CASSTRGGGDAKNIQYF,NLVPMVATV,3,RGGGDAKN,490
293,21584,CAWVPGTGGRAAFF,NLVPMVATV,3,VPGTGGRA,59
294,21585,CASSVVGYLGYTF,NLVPMVATV,3,SVVGYLGY,103
295,21586,CASSRGQGPGQETQYF,NLVPMVATV,3,RGQGPGQE,672
296,21587,CASSQAPSMEPNEQFF,NLVPMVATV,3,QAPSMEPN,654
297,21588,CASSLRGQGFYEQFF,NLVPMVATV,3,LRGQGFYE,690
298,21589,CASSHQTGELFF,NLVPMVATV,3,SSHQTGEL,202
299,21590,CASSPKTGASYGYTF,NLVPMVATV,3,PKTGASYG,540
300,21591,CASSYNEQFF,NLVPMVATV,3,ASSYNEQF,216
301,21592,CASSIDAGSNYEQYF,NLVPMVATV,3,IDAGSNYE,678
302,21593,CASSYTVQPYNEQFF,NLVPMVATV,3,YTVQPYNE,620
303,21594,CATSDLRRTDTQYF,NLVPMVATV,3,SDLRRTDT,510
304,21595,CASSFQGYTEAFF,NLVPMVATV,3,SFQGYTEA,524
305,21596,CASSRDSNSNQPQHF,NLVPMVATV,3,RDSNSNQP,135
306,21597,CASSHERDRDTGELFF,NLVPMVATV,3,HERDRDTG,6
307,21598,CASSSAFYGYTF,NLVPMVATV,3,SSSAFYGY,306
308,21599,CASSSAYYGYTF,NLVPMVATV,3,SSSAYYGY,536
309,21600,CASSLAYILGLGDEQFF,NLVPMVATV,3,AYILGLGD,167
310,21601,CASSDALQETQYF,NLVPMVATV,3,SDALQETQ,805
311,21602,CASSLASRVGSPLHF,NLVPMVATV,3,LASRVGSP,456
312,21603,CASSLSAVHGYTF,NLVPMVATV,3,SLSAVHGY,640
313,21604,CASSLKIGEQFF,NLVPMVATV,3,SSLKIGEQ,32
314,21605,CASSLAGDYEQYF,NLVPMVATV,3,SLAGDYEQ,581
315,21606,CASSELAGGGDTQYF,NLVPMVATV,3,ELAGGGDT,145
316,21607,CASSQQETYEQYF,NLVPMVATV,3,SQQETYEQ,333
317,21608,CSVVDYGYTF,NLVPMVATV,3,SVVDYGYT,459
318,21609,CSVAGQGDDHTDTQYF,NLVPMVATV,3,GQGDDHTD,298
319,21610,CASSYWDRTTSGNTIYF,NLVPMVATV,3,WDRTTSGN,527
320,21611,CSAPFPGQGDYGYTF,NLVPMVATV,3,FPGQGDYG,256
321,21612,CASSPSREGYTF,NLVPMVATV,3,SSPSREGY,72
322,21613,CASSFQGYTEAFF,NLVPMVATV,3,SFQGYTEA,524
323,21614,CASSSGTSGSGSYNEQFF,NLVPMVATV,3,GTSGSGSY,450
324,21615,CASSIVGGMNTEAFF,NLVPMVATV,3,IVGGMNTE,182
325,21616,CASFSPRVYEQYF,NLVPMVATV,3,FSPRVYEQ,73
326,21617,CSVEEGSRAQYF,NLVPMVATV,3,VEEGSRAQ,324
327,22504,CASSEGLWQVGDEQYF,HMTEVVRHC,3,EGLWQVGD,50
328,22505,CAISELVTGDSPLHF,HMTEVVRHC,3,ELVTGDSP,359
329,22506,CASSIQQGADTQYF,HMTEVVRHC,3,SIQQGADT,447
330,22507,CASSLGEGRVDGYTF,GADGVGKSAL,3,LGEGRVDG,663
331,22508,CASSDPGTEAFF,GADGVGKSAL,3,SSDPGTEA,71
332,22509,CASSFGQSSTYGYTF,GADGVGKSAL,3,FGQSSTYG,482
333,22510,CASSLGRASNQPQHF,GADGVGKSAL,3,LGRASNQP,753
334,22511,CASSLGQTNYGYTF,GADGVGKSAL,3,SLGQTNYG,374
335,22551,CASSEGLWQVGDEQYF,HMTEVVRHC,3,EGLWQVGD,50
336,22621,CASSQGFGANVLTF,AAFKRSCLK,3,SQGFGANV,641
337,22622,CASVSGQGVSPLHF,AAFKRSCLK,3,VSGQGVSP,9
338,22623,CATSRDGAGLVNQPQHF,AAFKRSCLK,3,DGAGLVNQ,215
339,22624,CASSQDPGSSYNEQFF,AAFKRSCLK,3,QDPGSSYN,209
340,22625,CASSLNPGRSDSPLHF,AAFKRSCLK,3,LNPGRSDS,471
341,22626,CASSPNPQGANMDTQYF,RSGGFSFGK,3,NPQGANMD,792
342,22768,CASSQRQEGDTQYF,APRGPHGGAASGL,3,SQRQEGDT,353
343,22770,CASSGGHTGSNEQFF,APRGPHGGAASGL,3,GGHTGSNE,723
344,22859,CASSFIGGTDTQYF,YLEPGPVTA,3,SFIGGTDT,470
345,28257,CASSPEETQYF,TAAQAAVVRFQEAAN,3,SSPEETQY,593
346,29408,CASSPHPGTSGGASYNEQFF,HPNGYKSLSTL,3,PGTSGGAS,205
347,29409,CASSPHPGTSGGASYNEQFF,HPNGYKSLSTL,3,PGTSGGAS,205
348,29410,CASSLMTNQPQHF,HPNGYKSLSTL,3,SLMTNQPQ,270
349,29411,CASSPHPGTSGGASYNEQFF,HPNGYKSLSTL,3,PGTSGGAS,205
350,29412,CASSLYGSVQNEQFF,HPNGYKSLSTL,3,LYGSVQNE,785
351,29413,CASSVATSGGSQQFF,HPNGYKSLSTL,3,VATSGGSQ,61
352,29414,CASSLYGADTQYF,HPNGYKSLSTL,3,SLYGADTQ,806
353,29415,CASSLWKGAGYTF,RPIIRPATL,3,SLWKGAGY,708
354,29416,CASSYRGLSGELFF,HPNGYKSLSTL,3,SYRGLSGE,289
355,29417,CASSQEVETQYF,HPNGYKSLSTL,3,SSQEVETQ,759
356,29418,CASSYRGLSGELFF,HPNGYKSLSTL,3,SYRGLSGE,289
357,29419,CASSIVRGQRETKNIQYF,HPNGYKSLSTL,3,VRGQRETK,321
358,29420,CASSPHPGTSGGASYNEQFF,HPNGYKSLSTL,3,PGTSGGAS,205
359,29421,CASSLYGSVQNEQFF,HPNGYKSLSTL,3,LYGSVQNE,785
360,29422,CASSFDRGTGNTIYF,RPIIRPATL,3,FDRGTGNT,496
361,29423,CASSVATSGGSQQFF,HPNGYKSLSTL,3,VATSGGSQ,61
362,29424,CASSQEVETQYF,HPNGYKSLSTL,3,SSQEVETQ,759
363,29425,CASSHRTGGETQYF,HPNGYKSLSTL,3,SHRTGGET,521
364,29426,CASSPHPGTSGGASYNEQFF,HPNGYKSLSTL,3,PGTSGGAS,205
365,29427,CASSTILGPGANVLTF,HPNGYKSLSTL,3,TILGPGAN,8
366,29428,CASSEETGNQPQHF,RPIIRPATL,3,SEETGNQP,762
367,29429,CASSLAGTGGRFSYEQYF,RPIIRPATL,3,AGTGGRFS,752
368,29430,CASSFDRGTGNTIYF,RPIIRPATL,3,FDRGTGNT,496
369,29431,CASRIWDGGASTDTQYF,RPIIRPATL,3,WDGGASTD,168
370,29432,CASSFDRGTGNTIYF,RPIIRPATL,3,FDRGTGNT,496
371,29433,CASSFDRGTGNTIYF,RPIIRPATL,3,FDRGTGNT,496
372,29434,CASSFDRGTGNTIYF,RPIIRPATL,3,FDRGTGNT,496
373,29435,CASSEETGNQPQHF,RPIIRPATL,3,SEETGNQP,762
374,29436,CASSYYRLAGELFF,RPIIRPATL,3,SYYRLAGE,463
375,29437,CASSFDRGTGNTIYF,RPIIRPATL,3,FDRGTGNT,496
376,29438,CASSEETGNQPQHF,RPIIRPATL,3,SEETGNQP,762
377,29439,CASNGQGDTEAFF,HPNGYKSLSTL,3,NGQGDTEA,679
378,29440,CASSLGVEELFF,HPNGYKSLSTL,3,SSLGVEEL,807
379,29441,CASSVEAGPNEQYF,RPIIRPATL,3,SVEAGPNE,267
380,29442,CASSSLPGGGVDTQYF,RPIIRPATL,3,SLPGGGVD,516
381,29443,CASSLWQGGQPQHF,RPIIRPATL,3,SLWQGGQP,281
382,29444,CASSQERGDNTKNTQYF,HPNGYKSLSTL,3,ERGDNTKN,812
383,29445,CASSLGVEELFF,HPNGYKSLSTL,3,SSLGVEEL,807
384,29446,CASSPGSTEAFF,HPNGYKSLSTL,3,SSPGSTEA,49
385,29447,CASSVFGVQRGFGTDTQYF,RPIIRPATL,3,GVQRGFGT,735
386,29448,CASNGQGDTEAFF,HPNGYKSLSTL,3,NGQGDTEA,679
387,29449,CASSLIGEETQYF,RPIIRPATL,3,SLIGEETQ,375
388,29450,CASSLPGTAYEQYF,HPNGYKSLSTL,3,SLPGTAYE,736
389,29451,CASSSRGSGGASSYEQYF,RPIIRPATL,3,RGSGGASS,698
390,29452,CARAFESGANVLTF,RPIIRPATL,3,AFESGANV,85
391,29453,CASSPYGGPGNTIYF,RPIIRPATL,3,PYGGPGNT,155
392,29454,CASSPYGGPGNTIYF,RPIIRPATL,3,PYGGPGNT,155
393,29455,CASSESAGHKAFF,HPNGYKSLSTL,3,SESAGHKA,300
394,29456,CAISGQGASYEQYF,HPNGYKSLSTL,3,SGQGASYE,343
395,29457,CASSVEAGPNEQYF,RPIIRPATL,3,SVEAGPNE,267
396,29458,CASNGQGDTEAFF,HPNGYKSLSTL,3,NGQGDTEA,679
397,29459,CASSPYGGPGNTIYF,RPIIRPATL,3,PYGGPGNT,155
398,29460,CASSPYGGPGNTIYF,RPIIRPATL,3,PYGGPGNT,155
399,29461,CASSPYGGPGNTIYF,RPIIRPATL,3,PYGGPGNT,155
400,29462,CASSPYGGPGNTIYF,RPIIRPATL,3,PYGGPGNT,155
401,29463,CASSPGSTEAFF,HPNGYKSLSTL,3,SSPGSTEA,49
402,29464,CASSQDRDRGPDEKLFF,HPNGYKSLSTL,3,DRDRGPDE,316
403,29465,CASRGGRVAGADTEAFF,HPNGYKSLSTL,3,GRVAGADT,147
404,29466,CASSQSSGGGRSEAFF,RPIIRPATL,3,QSSGGGRS,3
405,29467,CASSQSSGGGRSEAFF,RPIIRPATL,3,QSSGGGRS,3
406,29468,CASSTWSQNTGELFF,RPIIRPATL,3,TWSQNTGE,30
407,29469,CASSQSSGGGRSEAFF,RPIIRPATL,3,QSSGGGRS,3
408,29470,CASSLGREETQYF,RPIIRPATL,3,SLGREETQ,380
409,29471,CASSRDLNEQFF,HPNGYKSLSTL,3,SSRDLNEQ,686
410,29472,CASSTGQGEGLYSNQPQHF,RPIIRPATL,3,QGEGLYSN,317
411,29473,CASSPREGGETQYF,HPNGYKSLSTL,3,SPREGGET,444
412,29474,CASSQPSQGGRLEQYF,RPIIRPATL,3,QPSQGGRL,680
413,29475,CASSPREGGETQYF,HPNGYKSLSTL,3,SPREGGET,444
414,29476,CASSQPSQGGRLEQYF,RPIIRPATL,3,QPSQGGRL,680
415,29477,CASSQSSGGGRSEAFF,RPIIRPATL,3,QSSGGGRS,3
416,29478,CASSVAGLGGNTIYF,HPNGYKSLSTL,3,VAGLGGNT,462
417,29479,CASSQSSGGGRSEAFF,RPIIRPATL,3,QSSGGGRS,3
418,29480,CASSQERDRRAVEKLFF,HPNGYKSLSTL,3,ERDRRAVE,789
419,29481,CASSDGGSPQFF,HPNGYKSLSTL,3,SSDGGSPQ,260
420,29482,CASSPREGGETQYF,HPNGYKSLSTL,3,SPREGGET,444
421,29483,CASSPREGGETQYF,HPNGYKSLSTL,3,SPREGGET,444
422,29484,CSAKRNRAYHYGYTF,HPNGYKSLSTL,3,RNRAYHYG,254
423,29485,CASSPREGGETQYF,HPNGYKSLSTL,3,SPREGGET,444
424,29486,CSAKRNRAYHYGYTF,HPNGYKSLSTL,3,RNRAYHYG,254
425,29487,CASSFGTGEAFF,HPNGYKSLSTL,3,SSFGTGEA,522
426,29488,CASSPAGQGGYEQYF,HPNGYKSLSTL,3,PAGQGGYE,287
427,29489,CSAKRNRAYHYGYTF,HPNGYKSLSTL,3,RNRAYHYG,254
428,29490,CASSPREGGETQYF,HPNGYKSLSTL,3,SPREGGET,444
429,29491,CASSQDRGLAGGTYNEQFF,HPNGYKSLSTL,3,RGLAGGTY,105
430,29492,CASSPREGGETQYF,HPNGYKSLSTL,3,SPREGGET,444
431,29493,CASSFGTGEAFF,HPNGYKSLSTL,3,SSFGTGEA,522
432,29494,CASSTLQGADQPQHF,HPNGYKSLSTL,3,TLQGADQP,595
433,29495,CASSPREGGETQYF,HPNGYKSLSTL,3,SPREGGET,444
434,29496,CASSDRDVTGELFF,RPIIRPATL,3,SDRDVTGE,435
435,29497,CASSLDSSSGNTIYF,HPNGYKSLSTL,3,LDSSSGNT,307
436,29498,CASSLYRGSNQPQHF,HPNGYKSLSTL,3,LYRGSNQP,58
437,29499,CASSLMGNTEAFF,HPNGYKSLSTL,3,SLMGNTEA,681
438,29500,CASRGLQGRIDYNEQFF,HPNGYKSLSTL,3,LQGRIDYN,15
439,29501,CASSLYPGANTEAFF,HPNGYKSLSTL,3,LYPGANTE,252
440,29502,CASSLYGAGNSPLHF,HPNGYKSLSTL,3,LYGAGNSP,764
441,29503,CASRIYAGSPYEQYF,HPNGYKSLSTL,3,IYAGSPYE,27
442,29504,CASSPREAGGISGYTF,RPIIRPATL,3,PREAGGIS,129
443,29505,CASNPAGGAGLGYGYTF,HPNGYKSLSTL,3,AGGAGLGY,491
444,29506,CASSLDSSGGNEQYF,HPNGYKSLSTL,3,LDSSGGNE,396
445,29507,CASRARVLDEQFF,HPNGYKSLSTL,3,RARVLDEQ,161
446,29508,CASRGLQGRIDYNEQFF,HPNGYKSLSTL,3,LQGRIDYN,15
447,29509,CASSESGAGELFF,HPNGYKSLSTL,3,SESGAGEL,794
448,29510,CASSLGALGETQYF,HPNGYKSLSTL,3,SLGALGET,506
449,29511,CASSLAGAGNEQFF,HPNGYKSLSTL,3,SLAGAGNE,352
450,29512,CASRGLQGRIDYNEQFF,HPNGYKSLSTL,3,LQGRIDYN,15
451,29513,CASSVGGAQPQHF,HPNGYKSLSTL,3,SVGGAQPQ,66
452,29514,CSARDSGLSHGEQFF,HPNGYKSLSTL,3,DSGLSHGE,51
453,29515,CASRIYAGSPYEQYF,HPNGYKSLSTL,3,IYAGSPYE,27
454,29516,CASRLMPGSTYEQYF,HPNGYKSLSTL,3,LMPGSTYE,250
455,29517,CASRIYAGSPYEQYF,HPNGYKSLSTL,3,IYAGSPYE,27
456,29518,CASRGLQGRIDYNEQFF,HPNGYKSLSTL,3,LQGRIDYN,15
457,29519,CASSSPPSGGGYEQFF,RPIIRPATL,3,SPPSGGGY,127
458,29520,CASSDRDVTGELFF,RPIIRPATL,3,SDRDVTGE,435
459,29521,CASRQEGRPMNTEAFF,RPIIRPATL,3,QEGRPMNT,52
460,29522,CASRQEGRPMNTEAFF,RPIIRPATL,3,QEGRPMNT,52
461,29523,CASRENRASNTEAFF,RPIIRPATL,3,ENRASNTE,356
462,29524,CASSARSTGGFGANVLTF,RPIIRPATL,3,RSTGGFGA,692
463,29525,CASSDRDRGGNQPQHF,RPIIRPATL,3,DRDRGGNQ,390
464,29526,CASSGRDRDLVEQYF,RPIIRPATL,3,GRDRDLVE,330
465,29527,CASSPRGRGGREDTQYF,RPIIRPATL,3,RGRGGRED,327
466,29528,CASSTPSSYNEQFF,RPIIRPATL,3,STPSSYNE,409
467,29529,CASVQGGSGGRGSYEQYF,RPIIRPATL,3,GGSGGRGS,778
468,29530,CASSDREGGPHEQYF,RPIIRPATL,3,DREGGPHE,626
469,29531,CASSDREGGPHEQYF,RPIIRPATL,3,DREGGPHE,626
470,29532,CASSDREGGPHEQYF,RPIIRPATL,3,DREGGPHE,626
471,29533,CASSSPPSGGGYEQFF,RPIIRPATL,3,SPPSGGGY,127
472,29534,CASSSPPSGGGYEQFF,RPIIRPATL,3,SPPSGGGY,127
473,29535,CASGAPGTPYNEQFF,HPNGYKSLSTL,3,APGTPYNE,175
474,29536,CASSQVVAFGDTQYF,RPIIRPATL,3,QVVAFGDT,625
475,29537,CASSPGLPEYF,HPNGYKSLSTL,3,SSPGLPEY,17
476,29538,CASMARTSGDNEQFF,HPNGYKSLSTL,3,ARTSGDNE,433
477,29539,CASSLMANQPQHF,HPNGYKSLSTL,3,SLMANQPQ,124
478,29540,CSAPGGGGTSYEQYF,HPNGYKSLSTL,3,GGGGTSYE,407
479,29541,CSANPRDESYNEQFF,HPNGYKSLSTL,3,PRDESYNE,385
480,29542,CASATSGTYYEQYF,HPNGYKSLSTL,3,ATSGTYYE,235
481,29543,CASSLPAGQETQYF,HPNGYKSLSTL,3,SLPAGQET,143
482,29544,CASSQIRETGSPLHF,HPNGYKSLSTL,3,QIRETGSP,344
483,29545,CASSDRGMNTEAFF,HPNGYKSLSTL,3,SDRGMNTE,797
484,29546,CASSLRQALRNEQFF,RPIIRPATL,3,LRQALRNE,340
485,29547,CASSQEGGGETQYF,HPNGYKSLSTL,3,SQEGGGET,422
486,29548,CASSLYSNQPQHF,HPNGYKSLSTL,3,SLYSNQPQ,203
487,29549,CASSFFGNQPQHF,HPNGYKSLSTL,3,SFFGNQPQ,511
488,29550,CASATSGTYYEQYF,HPNGYKSLSTL,3,ATSGTYYE,235
489,29551,CASGQGALADTQYF,HPNGYKSLSTL,3,GQGALADT,310
490,29552,CASSIYPGQLYNSPLHF,RPIIRPATL,3,YPGQLYNS,207
491,29553,CASSGRGSYNEQFF,HPNGYKSLSTL,3,SGRGSYNE,474
492,29554,CASSVDSGLGYGYTF,HPNGYKSLSTL,3,VDSGLGYG,273
493,29555,CASSQDRHTEAFF,HPNGYKSLSTL,3,SQDRHTEA,676
494,29556,CASSLGHGRSSYEQYF,HPNGYKSLSTL,3,LGHGRSSY,148
495,29557,CASSLDRVSVNTEAFF,HPNGYKSLSTL,3,LDRVSVNT,701
496,29558,CASLEGYAAGELFF,HPNGYKSLSTL,3,LEGYAAGE,485
497,29559,CASSQWGGQPQHF,RPIIRPATL,3,SQWGGQPQ,664
498,29560,CASSDNRVWTEAFF,RPIIRPATL,3,SDNRVWTE,211
499,29561,CASSPGEGMLVSEAFF,RPIIRPATL,3,PGEGMLVS,342
500,29562,CASSGVGSGRPNSYNEQFF,RPIIRPATL,3,GSGRPNSY,425
501,29563,CASSLAGTSGYTYEQYF,RPIIRPATL,3,AGTSGYTY,291
502,29564,CASSIYPGQLYNSPLHF,RPIIRPATL,3,YPGQLYNS,207
503,29565,CASSIYPGQLYNSPLHF,RPIIRPATL,3,YPGQLYNS,207
504,29566,CASILGTSGREPYEQYF,RPIIRPATL,3,GTSGREPY,197
505,29567,CASSLMGNTEAFF,HPNGYKSLSTL,3,SLMGNTEA,681
506,29568,CAISESGTGFEQYF,HPNGYKSLSTL,3,SESGTGFE,360
507,29569,CASSQYSNQPQHF,HPNGYKSLSTL,3,SQYSNQPQ,229
508,29570,CASSQYSNQPQHF,HPNGYKSLSTL,3,SQYSNQPQ,229
509,29571,CASSQYSNQPQHF,HPNGYKSLSTL,3,SQYSNQPQ,229
510,29572,CASSQYSNQPQHF,HPNGYKSLSTL,3,SQYSNQPQ,229
511,29573,CASSLSRGWTEAFF,HPNGYKSLSTL,3,SLSRGWTE,257
512,29574,CASSQYSNQPQHF,HPNGYKSLSTL,3,SQYSNQPQ,229
513,29575,CASSLMGNTEAFF,HPNGYKSLSTL,3,SLMGNTEA,681
514,29576,CASSQERKAGGPTEAFF,HPNGYKSLSTL,3,ERKAGGPT,95
515,29577,CASSLYGGQPQHF,HPNGYKSLSTL,3,SLYGGQPQ,265
516,29578,CASSLYRGIGLFF,RPIIRPATL,3,SLYRGIGL,224
517,29579,CAGRGRPNEKLFF,RPIIRPATL,3,RGRPNEKL,126
518,29580,CASSQYSNQPQHF,HPNGYKSLSTL,3,SQYSNQPQ,229
519,29581,CASSQYSNQPQHF,HPNGYKSLSTL,3,SQYSNQPQ,229
520,29582,CASSQYSNQPQHF,HPNGYKSLSTL,3,SQYSNQPQ,229
521,29583,CASSQYSNQPQHF,HPNGYKSLSTL,3,SQYSNQPQ,229
522,29584,CASSQDFGRTQYF,HPNGYKSLSTL,3,SQDFGRTQ,338
523,29585,CASSLMGNTEAFF,HPNGYKSLSTL,3,SLMGNTEA,681
524,29586,CASSLLTDTQYF,HPNGYKSLSTL,3,SSLLTDTQ,709
525,29587,CASSQYSNQPQHF,HPNGYKSLSTL,3,SQYSNQPQ,229
526,29588,CASSVEGGGAQETQYF,RPIIRPATL,3,VEGGGAQE,502
527,29589,CASSLSRGWTEAFF,HPNGYKSLSTL,3,SLSRGWTE,257
528,29590,CASSLYGPGGVGQPQHF,HPNGYKSLSTL,3,YGPGGVGQ,608
529,29591,CASILGTSGREPYEQYF,RPIIRPATL,3,GTSGREPY,197
530,29592,CASSLYGSSYNEQFF,HPNGYKSLSTL,3,LYGSSYNE,259
531,29593,CASSQYSNQPQHF,HPNGYKSLSTL,3,SQYSNQPQ,229
532,29594,CASSSQGAAGELFF,HPNGYKSLSTL,3,SSQGAAGE,780
533,29595,CASSQYSNQPQHF,HPNGYKSLSTL,3,SQYSNQPQ,229
534,29596,CASSQLEQGGETQYF,HPNGYKSLSTL,3,QLEQGGET,707
535,29597,CASSPGSSGRLGEQFF,HPNGYKSLSTL,3,PGSSGRLG,657
536,29598,CAGRGRPNEKLFF,RPIIRPATL,3,RGRPNEKL,126
537,29599,CASSLREMGGKAEAFF,RPIIRPATL,3,LREMGGKA,93
538,29600,CASSLYGNQPQHF,HPNGYKSLSTL,3,SLYGNQPQ,128
539,29601,CASTPRGRGLVYGYTF,HPNGYKSLSTL,3,PRGRGLVY,119
540,29602,CASSQYSNQPQHF,HPNGYKSLSTL,3,SQYSNQPQ,229
541,29603,CASSLYGNQPQHF,HPNGYKSLSTL,3,SLYGNQPQ,128
542,29604,CSAVGLAGVRSYEQYF,RPIIRPATL,3,GLAGVRSY,377
543,29605,CASSMIPDMNTEAFF,RPIIRPATL,3,MIPDMNTE,704
544,29606,CASSMIPDMNTEAFF,RPIIRPATL,3,MIPDMNTE,704
545,29607,CASSLAREYSPLHF,RPIIRPATL,3,SLAREYSP,489
546,29608,CASTAQGFSNQPQHF,RPIIRPATL,3,AQGFSNQP,464
547,29609,CASSLGDRGRGYGYTF,QMMVKAGL,3,LGDRGRGY,603
548,29610,CASRGLSNTGELFF,RPIIRPATL,3,RGLSNTGE,112
549,29611,CASSPSQTSGGRTDTQYF,QMMVKAGL,3,SQTSGGRT,697
550,29612,CASSPHQEVTEAFF,RPIIRPATL,3,SPHQEVTE,94
551,29613,CASSTIGPYGELFF,RPIIRPATL,3,STIGPYGE,332
552,29614,CASSNYPGGARTDTQYF,QMMVKAGL,3,YPGGARTD,600
553,29615,CSAGTGSANTEAFF,RPIIRPATL,3,GTGSANTE,582
554,29616,CASSPPARDRDHEQYF,QMMVKAGL,3,PPARDRDH,449
555,29617,CASSPSQTSGGRTDTQYF,QMMVKAGL,3,SQTSGGRT,697
556,29618,CASSPPRNMEPSYEQYF,QMMVKAGL,3,PRNMEPSY,601
557,29619,CASSPPRNMEPSYEQYF,QMMVKAGL,3,PRNMEPSY,601
558,29620,CASSSSGSSYNEQFF,RPIIRPATL,3,SSGSSYNE,176
559,29621,CASSMIPDMNTEAFF,RPIIRPATL,3,MIPDMNTE,704
560,29622,CAIANRGTEAFF,RPIIRPATL,3,IANRGTEA,419
561,29623,CASSMIPDMNTEAFF,RPIIRPATL,3,MIPDMNTE,704
562,29624,CSARRSDRVNTEAFF,RPIIRPATL,3,RSDRVNTE,798
563,29625,CASSIIPDMNTEAFF,RPIIRPATL,3,IIPDMNTE,629
564,29626,CASSSRDRGLGTEAFF,QMMVKAGL,3,SRDRGLGT,543
565,29627,CASSMIPDMNTEAFF,RPIIRPATL,3,MIPDMNTE,704
566,29628,CASSPPARDRDHEQYF,QMMVKAGL,3,PPARDRDH,449
567,29629,CASSMIPDMNTEAFF,RPIIRPATL,3,MIPDMNTE,704
568,29630,CASSHLDRGKKDYEQYF,QMMVKAGL,3,LDRGKKDY,96
569,29631,CASSPPRNMEPSYEQYF,QMMVKAGL,3,PRNMEPSY,601
570,29632,CASSMIPDMNTEAFF,RPIIRPATL,3,MIPDMNTE,704
571,29633,CASSNYPGGARTDTQYF,QMMVKAGL,3,YPGGARTD,600
572,29634,CASSPSGTGANEQFF,RPIIRPATL,3,PSGTGANE,512
573,29635,CASSLNFVGLNQPQHF,RPIIRPATL,3,LNFVGLNQ,292
574,29636,CASSHRDRGISGANVLTF,QMMVKAGL,3,RDRGISGA,740
575,29637,CASSMIPDMNTEAFF,RPIIRPATL,3,MIPDMNTE,704
576,29638,CASSNYPGGARTDTQYF,QMMVKAGL,3,YPGGARTD,600
577,29639,CASSMIPDMNTEAFF,RPIIRPATL,3,MIPDMNTE,704
578,29640,CASSHRDRGISGANVLTF,QMMVKAGL,3,RDRGISGA,740
579,29641,CASSMVPDMNTEAFF,RPIIRPATL,3,MVPDMNTE,153
580,29642,CSAEGLAGGKNTGELFF,RPIIRPATL,3,LAGGKNTG,278
581,29643,CASSGRTGNTEAFF,RPIIRPATL,3,SGRTGNTE,351
582,29644,CASSSSYEQYF,RPIIRPATL,3,SSSSYEQY,378
583,29645,CASSVSRDRNGELFF,RPIIRPATL,3,VSRDRNGE,186
584,29646,CASSQNSVGSYNEQFF,RPIIRPATL,3,QNSVGSYN,757
585,29647,CASSFARTRWEQYF,RPIIRPATL,3,SFARTRWE,528
586,29648,CASTEPRGTEAFF,QMMVKAGL,3,TEPRGTEA,136
587,29649,CASRMTGGKTNEKLFF,QMMVKAGL,3,MTGGKTNE,366
588,29650,CASSVEIAGRYNEQFF,QMMVKAGL,3,VEIAGRYN,345
589,29651,CASRMTGGKTNEKLFF,QMMVKAGL,3,MTGGKTNE,366
590,29652,CASSQDPPGRLGKLFF,QMMVKAGL,3,QDPPGRLG,414
591,29653,CASSPGDRGKTNEQFF,QMMVKAGL,3,PGDRGKTN,251
592,29654,CASRMTGGKTNEKLFF,QMMVKAGL,3,MTGGKTNE,366
593,29655,CASRMTGGKTNEKLFF,QMMVKAGL,3,MTGGKTNE,366
594,29656,CASSQGQGIADTQYF,RPIIRPATL,3,QGQGIADT,290
595,29657,CASSLGQGKSSYEQYF,QMMVKAGL,3,LGQGKSSY,383
596,29658,CASSPRDRARGDEQYF,QMMVKAGL,3,PRDRARGD,226
597,29659,CASRMTGGKTNEKLFF,QMMVKAGL,3,MTGGKTNE,366
598,29660,CSARPRRSAGELFF,RPIIRPATL,3,RPRRSAGE,509
599,29661,CASRMTGGKTNEKLFF,QMMVKAGL,3,MTGGKTNE,366
600,29662,CSVWVGREQETQYF,QMMVKAGL,3,WVGREQET,611
601,29663,CASSSSPRGDTQYF,QMMVKAGL,3,SSSPRGDT,677
602,29664,CASSLGTLQPQHF,RPIIRPATL,3,SLGTLQPQ,315
603,29665,CASNPSAGTLYNEQFF,RPIIRPATL,3,PSAGTLYN,765
604,29666,CASSLEGRREGETQYF,QMMVKAGL,3,LEGRREGE,755
605,29667,CASSQDSGRGELFF,QMMVKAGL,3,SQDSGRGE,137
606,29668,CASSFLFRDGTYEQYF,QMMVKAGL,3,FLFRDGTY,376
607,29669,CASTSRAGFNEQFF,QMMVKAGL,3,TSRAGFNE,26
608,29670,CASSYSKMTAYNSPLHF,RPIIRPATL,3,SKMTAYNS,460
609,29671,CSANPEGPYEQYF,QMMVKAGL,3,NPEGPYEQ,715
610,29672,CASRMTGGKTNEKLFF,QMMVKAGL,3,MTGGKTNE,366
611,29673,CASSVGGISPLHF,RPIIRPATL,3,SVGGISPL,133
612,29674,CASRMTGGKTNEKLFF,QMMVKAGL,3,MTGGKTNE,366
613,29675,CASSPPRSEAFF,QMMVKAGL,3,SSPPRSEA,799
614,29676,CASSPGQGVYEQYF,RPIIRPATL,3,SPGQGVYE,760
615,29677,CASRMTGGKTNEKLFF,QMMVKAGL,3,MTGGKTNE,366
616,29678,CASSPSRVLYEQYF,QMMVKAGL,3,SPSRVLYE,428
617,29679,CASRMTGGKTNEKLFF,QMMVKAGL,3,MTGGKTNE,366
618,29680,CASSPTSGSVYEQFF,RPIIRPATL,3,PTSGSVYE,777
619,29681,CASSFRQGEAFF,QMMVKAGL,3,SSFRQGEA,803
620,29682,CSARDPAPEETQYF,RPIIRPATL,3,RDPAPEET,268
621,29683,CASSQARDPQGILHF,RPIIRPATL,3,QARDPQGI,412
622,29684,CASKRNTGELFF,RPIIRPATL,3,SKRNTGEL,493
623,29685,CASSFFGAQQVDGYTF,RPIIRPATL,3,FFGAQQVD,538
624,29686,CASSRSLTDTQYF,RPIIRPATL,3,SRSLTDTQ,673
625,29687,CASTVNRGSEGYTF,QMMVKAGL,3,TVNRGSEG,722
626,29688,CASGLLTSGSINEQFF,QMMVKAGL,3,LLTSGSIN,602
627,29689,CASSTRRNTEAFF,QMMVKAGL,3,STRRNTEA,246
628,29690,CASSYRSSYEQYF,QMMVKAGL,3,SYRSSYEQ,452
629,29691,CASSPGGVYGYTF,RPIIRPATL,3,SPGGVYGY,526
630,29692,CASSASAEFSSYEQYF,RPIIRPATL,3,ASAEFSSY,564
631,29693,CSVEGLGRAVTQYF,QMMVKAGL,3,EGLGRAVT,436
632,29694,CASSPSELAGGRLDTQYF,QMMVKAGL,3,SELAGGRL,495
633,29695,CASSIIPDMNTEAFF,RPIIRPATL,3,IIPDMNTE,629
634,29696,CASAPRRDRGTDTQYF,QMMVKAGL,3,PRRDRGTD,693
635,29697,CASSPSELAGGRLDTQYF,QMMVKAGL,3,SELAGGRL,495
636,29698,CSVVQGAECTF,RPIIRPATL,3,VVQGAECT,160
637,29699,CASAPRRDRGTDTQYF,QMMVKAGL,3,PRRDRGTD,693
638,29700,CASSQARDRGNGYTF,RPIIRPATL,3,QARDRGNG,461
639,29701,CSVVQGAECTF,RPIIRPATL,3,VVQGAECT,160
640,29702,CASSQWGRPQETQYF,QMMVKAGL,3,QWGRPQET,179
641,29703,CASSSIPDFNTEAFF,RPIIRPATL,3,SIPDFNTE,802
642,29704,CASSNIPDMNTEAFF,RPIIRPATL,3,NIPDMNTE,393
643,29705,CASSIGQGKSSYEQYF,QMMVKAGL,3,IGQGKSSY,742
644,29706,CSVVQGAECTF,RPIIRPATL,3,VVQGAECT,160
645,29707,CASSVDPTGGGRQETQYF,QMMVKAGL,3,DPTGGGRQ,627
646,29708,CSVVQGAECTF,RPIIRPATL,3,VVQGAECT,160
647,29709,CSVVQGAECTF,RPIIRPATL,3,VVQGAECT,160
648,29710,CASSLVGGEQYF,RPIIRPATL,3,SSLVGGEQ,109
649,29711,CSVVQGAECTF,RPIIRPATL,3,VVQGAECT,160
650,29712,CASSSPRVAGRPDTQYF,QMMVKAGL,3,PRVAGRPD,451
651,29713,CASSLVGGEQYF,RPIIRPATL,3,SSLVGGEQ,109
652,29714,CASSQWGRPQETQYF,QMMVKAGL,3,QWGRPQET,179
653,29715,CASSLVGGEQYF,RPIIRPATL,3,SSLVGGEQ,109
654,29716,CSVVQGAECTF,RPIIRPATL,3,VVQGAECT,160
655,29717,CASSSIPDFNTEAFF,RPIIRPATL,3,SIPDFNTE,802
656,29718,CSVVQGAECTF,RPIIRPATL,3,VVQGAECT,160
657,29719,CASSLVGGEQYF,RPIIRPATL,3,SSLVGGEQ,109
658,29720,CSVVQGAECTF,RPIIRPATL,3,VVQGAECT,160
659,29721,CSVVQGAECTF,RPIIRPATL,3,VVQGAECT,160
660,29722,CASSPSELAGGRLDTQYF,QMMVKAGL,3,SELAGGRL,495
661,29723,CASSIIPDMNTEAFF,RPIIRPATL,3,IIPDMNTE,629
662,29724,CASSQWGRPQETQYF,QMMVKAGL,3,QWGRPQET,179
663,29725,CSVVQGAECTF,RPIIRPATL,3,VVQGAECT,160
664,29726,CASAPRRDRGTDTQYF,QMMVKAGL,3,PRRDRGTD,693
665,29727,CASSLVGGEQYF,RPIIRPATL,3,SSLVGGEQ,109
666,29728,CASSLVGGEQYF,RPIIRPATL,3,SSLVGGEQ,109
667,29729,CASSVRYEQYF,QMMVKAGL,3,SSVRYEQY,219
668,29730,CASSLSRLAGDYTGELFF,QMMVKAGL,3,SRLAGDYT,91
669,29731,CASSMIPDMNTEAFF,RPIIRPATL,3,MIPDMNTE,704
670,29732,CASAPRRDRGTDTQYF,QMMVKAGL,3,PRRDRGTD,693
671,29733,CASSIGQGKSSYEQYF,QMMVKAGL,3,IGQGKSSY,742
672,29734,CASSQWGRPQETQYF,QMMVKAGL,3,QWGRPQET,179
673,29735,CASSSIAGRGEKLFF,QMMVKAGL,3,SIAGRGEK,634
674,29736,CASSNVPDMNTEAFF,RPIIRPATL,3,NVPDMNTE,546
675,29737,CASAPRRDRGTDTQYF,QMMVKAGL,3,PRRDRGTD,693
676,29738,CASSPSELAGGRLDTQYF,QMMVKAGL,3,SELAGGRL,495
677,29739,CASSQWGRPQETQYF,QMMVKAGL,3,QWGRPQET,179
678,29740,CASSMVPDMNTEAFF,RPIIRPATL,3,MVPDMNTE,153
679,29741,CASSLIGNEQFF,RPIIRPATL,3,SSLIGNEQ,513
680,29742,CSARDRYNEQFF,QMMVKAGL,3,ARDRYNEQ,326
681,29743,CASSLVGATAFF,RPIIRPATL,3,SSLVGATA,774
682,29744,CASSLVGGEQYF,RPIIRPATL,3,SSLVGGEQ,109
683,29745,CATSTVPDYNSPLHF,RPIIRPATL,3,TVPDYNSP,569
684,29746,CASSMIPDMNTEAFF,RPIIRPATL,3,MIPDMNTE,704
685,29747,CASSMIPDMNTEAFF,QMMVKAGL,3,MIPDMNTE,704
686,29748,CASSMIPDMNTEAFF,RPIIRPATL,3,MIPDMNTE,704
687,29749,CASSMVPDMNTEAFF,RPIIRPATL,3,MVPDMNTE,153
688,29750,CASGRIAGELFF,RPIIRPATL,3,SGRIAGEL,660
689,29751,CASSMVPDMNTEAFF,RPIIRPATL,3,MVPDMNTE,153
690,29752,CASSVIPDMNTEAFF,RPIIRPATL,3,VIPDMNTE,45
691,29753,CASGRIAGELFF,RPIIRPATL,3,SGRIAGEL,660
692,29754,CASSLIRTWDEQYF,QMMVKAGL,3,SLIRTWDE,786
693,29755,CASSLIRTWDEQYF,QMMVKAGL,3,SLIRTWDE,786
694,29756,CASSLIRTWDEQYF,QMMVKAGL,3,SLIRTWDE,786
695,29757,CASSMIPDMNTEAFF,RPIIRPATL,3,MIPDMNTE,704
696,29758,CASSMIPDMNTEAFF,RPIIRPATL,3,MIPDMNTE,704
697,29759,CASSMVPDMNTEAFF,RPIIRPATL,3,MVPDMNTE,153
698,29760,CASSMIPDMNTEAFF,RPIIRPATL,3,MIPDMNTE,704
699,29761,CASTSVRDRLEKLFF,QMMVKAGL,3,SVRDRLEK,615
700,29762,CASSPDRGYEQFF,QMMVKAGL,3,SPDRGYEQ,282
701,29763,CASGRIAGELFF,RPIIRPATL,3,SGRIAGEL,660
702,29764,CASSMIPDMNTEAFF,RPIIRPATL,3,MIPDMNTE,704
703,29765,CASSWGQGKSSYEQYF,QMMVKAGL,3,WGQGKSSY,214
704,29766,CASSQARTAYEQYF,QMMVKAGL,3,SQARTAYE,152
705,29767,CASGRIAGELFF,RPIIRPATL,3,SGRIAGEL,660
706,29768,CASGRIAGELFF,RPIIRPATL,3,SGRIAGEL,660
707,29769,CASSGSSGGRTDTQYF,QMMVKAGL,3,GSSGGRTD,13
708,29770,CASSLIRTWDEQYF,QMMVKAGL,3,SLIRTWDE,786
709,29771,CASSLVGGEQYF,RPIIRPATL,3,SSLVGGEQ,109
710,29772,CASSLIRTWDEQYF,QMMVKAGL,3,SLIRTWDE,786
711,29773,CASSLPPRNTEAFF,QMMVKAGL,3,SLPPRNTE,212
712,29774,CASSWRTGNSGELFF,QMMVKAGL,3,WRTGNSGE,648
713,29775,CASSLASGHRPTDTQYF,QMMVKAGL,3,ASGHRPTD,523
714,29776,CASSPRREQGDTQYF,QMMVKAGL,3,PRREQGDT,465
715,29777,CASRAWGREGEKLFF,QMMVKAGL,3,AWGREGEK,401
716,29778,CASSWRTGNSGELFF,QMMVKAGL,3,WRTGNSGE,648
717,29779,CSAREGVNTEAFF,QMMVKAGL,3,REGVNTEA,266
718,29780,CASSWRTGNSGELFF,QMMVKAGL,3,WRTGNSGE,648
719,29781,CASSVERGRNTGELFF,QMMVKAGL,3,VERGRNTG,269
720,29782,CASSWRTGNSGELFF,QMMVKAGL,3,WRTGNSGE,648
721,29783,CASSPRREQGDTQYF,QMMVKAGL,3,PRREQGDT,465
722,29784,CASSWRTGNSGELFF,QMMVKAGL,3,WRTGNSGE,648
723,29785,CASSWRTGNSGELFF,QMMVKAGL,3,WRTGNSGE,648
724,29786,CASSWRTGNSGELFF,QMMVKAGL,3,WRTGNSGE,648
725,29787,CASSQAGQAGELFF,QMMVKAGL,3,SQAGQAGE,669
726,29788,CASSLRLVAGRSYNEQFF,QMMVKAGL,3,RLVAGRSY,651
727,30156,CASRPGLAGGRPEQYF,LLFGYPVYV,3,PGLAGGRP,69
728,30157,CASSYPGGGFYEQYF,LLFGYPVYV,3,YPGGGFYE,712
729,30158,CASGGQGRAEQFF,GNSHRGAIEWEGIESG,3,GGQGRAEQ,275
730,30159,CTCSADRVGNTLYF,INFDFNTI,3,SADRVGNT,440
731,30160,CASSSTGLPYGYTF,PKYVKQNTLKLAT,3,SSTGLPYG,675
732,30161,CASGGGGTLYF,SIYRYYGL,3,SGGGGTLY,783
733,30162,CASSSTGLPYGYTF,PKYVKQNTLKLAT,3,SSTGLPYG,675
734,30163,CTCSAAPDWGASAETLYF,KVITFIDL,3,APDWGASA,705
735,30164,CASSLGQAYEQYF,FLRGRAYGL,3,SLGQAYEQ,731
736,30165,CASGGGGTLYF,EQYKFYSV,3,SGGGGTLY,783
737,30166,CTCSADRVGNTLYF,RGYVYQGL,3,SADRVGNT,440
738,30167,CASSSRSSYEQYF,GILGFVFTL,3,SSRSSYEQ,579
739,30168,CASRPGLAGGRPEQYF,LLFGYAVYV,3,PGLAGGRP,69
740,30169,CASRPGLAGGRPEQYF,LLFGYPRYV,3,PGLAGGRP,69
741,30170,CASRPGLAGGRPEQYF,LLFGYPVAV,3,PGLAGGRP,69
742,30171,CASGDAGGGYEQYF,SRGGASQYRPSQ,3,GDAGGGYE,520
743,30172,CASSLADRVNTEAFF,VHFFKNIVTPRTPG,3,LADRVNTE,429
744,30173,CASPGLAGEYEQYF,LPEPLPQGQLTAY,3,PGLAGEYE,164
745,30174,CASSYVGNTGELFF,SLLMWITQV,3,SYVGNTGE,39
746,30175,CASSYVGNTGELFF,SLLMWITQC,3,SYVGNTGE,39
747,30176,CASGGGGTLYF,EQYKFYSV,3,SGGGGTLY,783
748,30177,CASSQDRDTQYF,VMAPRTLIL,3,SSQDRDTQ,483
749,30178,CASSYVGNTGELFF,SLLMWITQC,3,SYVGNTGE,39
750,30179,CASSYVGNTGELFF,SLLMWITQC,3,SYVGNTGE,39
751,30180,CASRPGLAGGRPEQYF,LLFGKPVYV,3,PGLAGGRP,69
752,30181,CASTYHGTGYF,GELIGILNAAKVPAD,3,STYHGTGY,151
753,30182,CASTYHGTGYF,GELIGTLNAAKVPAD,3,STYHGTGY,151
754,30183,CATGTGDSNQPQHF,EPLPQGQLTAY,3,GTGDSNQP,231
755,30184,CTCSADRVGNTLYF,SQYYYNSL,3,SADRVGNT,440
756,30185,CASSYLGNTGELFF,SLLMWITQC,3,SYLGNTGE,208
757,30186,CASSYLGNTGELFF,SLLMWITQC,3,SYLGNTGE,208
758,30187,CASGDASGAETLYF,RGGASQYRPSQ,3,GDASGAET,666
759,30188,CASSYLGNTGELFF,SLLMWITQC,3,SYLGNTGE,208
760,30189,CASSSRSSYEQYF,GILGFVFTL,3,SSRSSYEQ,579
761,30190,CASSSRSSYEQYF,GILGFVFTL,3,SSRSSYEQ,579
762,30191,CASSSRASYEQYF,GILGFVFTL,3,SSRASYEQ,549
763,30192,CASSSRSSYEQYF,PKYVKQNTLKLAT,3,SSRSSYEQ,579
764,30193,CASTGSYGYTF,KAFSPEVIPMF,3,STGSYGYT,63
765,30194,CASGDASGGNTLYF,RGGASQYRPSQ,3,GDASGGNT,264
766,30195,CASRPGLAGGRPEQYF,LLFGPVYV,3,PGLAGGRP,69
767,30196,CASRPGLAGGRPEQYF,LLFGPVYV,3,PGLAGGRP,69
768,30197,CASRYRDDSYNEQFF,EENLLDFVRF,3,YRDDSYNE,515
769,30198,CASSFTWTSGGATDTQYF,FLRGRAYGL,3,TWTSGGAT,766
770,30199,CASSPVTGGIYGYTF,NLVPMVATV,3,PVTGGIYG,141
771,30200,CASRPGLAGGRPEQYF,MLWGYLQYV,3,PGLAGGRP,69
772,30201,CAWSETGLGTGELFF,ELAGIGILTV,3,ETGLGTGE,55
773,30202,CASSLGQAYEQYF,EEYLKAWTF,3,SLGQAYEQ,731
774,30203,CASSLGQAYEQYF,EEYLQAFTY,3,SLGQAYEQ,731
775,30204,CASPGLAGEYEQYF,LPEPLPQGQLTAY,3,PGLAGEYE,164
776,30205,CASSWDRAGNTLYF,GAMKRHGLDNYRGYSLG,3,SWDRAGNT,157
777,30206,CASSARSGELFF,HPVGEADYFEY,3,SSARSGEL,56
778,30207,CASSARSGELFF,HPVGEADYFEY,3,SSARSGEL,56
779,30208,CASSARSGELFF,HPVGEADYFEY,3,SSARSGEL,56
780,30209,CSARDGTGNGYTF,GLCTLVAML,3,RDGTGNGY,565
781,30210,CASSFGREQYF,SSLENFRAYV,3,SSFGREQY,604
782,30211,CASRPGLAGGRPEQYF,LGYGFVNYI,3,PGLAGGRP,69
783,30212,CASSLSFGTEAFF,ELAGIGILTV,3,SLSFGTEA,737
784,30213,CASSLSFGTEAFF,AAGIGILTV,3,SLSFGTEA,737
785,30214,CAISEVGVGQPQHF,ELAGIGILTV,3,SEVGVGQP,305
786,30215,CAISEVGVGQPQHF,AAGIGILTV,3,SEVGVGQP,305
787,30216,CASRPGLAGGRPEQYF,LLFGFPVYV,3,PGLAGGRP,69
788,30217,CASSLNNANSDYTF,ADLIAYLKQATKG,3,SLNNANSD,183
789,30218,CASGDFWGDTLYF,WIYVYRPMGCGGS,3,GDFWGDTL,263
790,30219,CASGQGNFDIQYF,FLRGRAYGL,3,GQGNFDIQ,632
791,30220,CASSLWEKLAKNIQYF,ALWGPDPAAA,3,LWEKLAKN,381
792,30221,CASSLWEKLAKNIQYF,ALWGPDPAAA,3,LWEKLAKN,381
793,30222,CASSPTSGIYEQYF,RFPLTFGWCF,3,SPTSGIYE,368
794,30223,CASSSWDTGELFF,RYPLTFGWCF,3,SSWDTGEL,245
795,30224,CASSSWDTGELFF,RYPLTLGWCF,3,SSWDTGEL,245
796,30225,CASSSRSSYEQYF,PKYVKQNTLKLAT,3,SSRSSYEQ,579
797,30226,CASSQIRETQYF,GELIGILNAAKVPAD,3,SSQIRETQ,469
798,30227,CASSFLGTGVEQYF,ALGIGILTV,3,SFLGTGVE,613
799,30228,CASRPGLMSAQPEQYF,LLFGYPVYV,3,PGLMSAQP,107
800,30229,CASREGLGGTEAFF,KRWIILGLNK,3,REGLGGTE,503
801,30230,CASREGLGGTEAFF,KRWIIMGLNK,3,REGLGGTE,503
802,30231,CASSVAVSAGTYEQYF,SGEGSFQPSQENP,3,VAVSAGTY,743
803,30232,CAWSETGLGMGGWQF,ELAAIGILTV,3,ETGLGMGG,37
804,30233,CAWSETGLGMGGWQF,ELAGIGALTV,3,ETGLGMGG,37
805,30234,CAWSETGLGMGGWQF,ELAGIGILTV,3,ETGLGMGG,37
806,30235,CASPGETEAFF,LPEPLPQGQLTAY,3,SPGETEAF,583
807,30236,CASSRTGSTYEQYF,LPEPLPQGQLTAY,3,SRTGSTYE,57
808,30237,CASSWSFGTEAFF,ELAGIGILTV,3,SWSFGTEA,346
809,30238,CASSLTGGGELFF,TAFTIPSI,3,SLTGGGEL,163
810,30239,CASSYQGTEAFF,ILAKFLHWL,3,SSYQGTEA,609
811,30240,CASSFRALAADTQYF,APQPELPYPQPGS,3,FRALAADT,552
812,30241,CASSFRFTDTQYF,APQPELPYPQPGS,3,SFRFTDTQ,386
813,30242,CASSVRSTDTQYF,APQPELPYPQPG,3,SVRSTDTQ,721
814,30243,CSAGVGGQETQYF,QPFPQPELPYP,3,GVGGQETQ,703
815,30244,CASSLNWSQDTQYF,PADPLAFFSSAIKGGGGSLV,3,SLNWSQDT,571
816,30245,CASSLNNANSDYTF,ADGLAYFRSSFKGG,3,SLNNANSD,183
817,30246,CASSLNNANSDYTF,ANGVAFFLTPFKA,3,SLNNANSD,183
818,30247,CASSARSGELFF,HPVGDADYFEY,3,SSARSGEL,56
819,30248,CASSARSGELFF,HPVGEADYFEY,3,SSARSGEL,56
820,30249,CASSARSGELFF,HPVGQADYFEY,3,SSARSGEL,56
821,30250,CAWSETGLGTGELFF,EAAGIGILTV,3,ETGLGTGE,55
822,30251,CASSLRGRGDQPQHF,HSKKKCDEL,3,LRGRGDQP,699
823,30252,CASRPRRDNEQFF,QPLALEGSLQKRG,3,RPRRDNEQ,192
824,30253,CASRPRDPVTQYF,LQPLALEGSLQKRG,3,RPRDPVTQ,659
825,30254,CASSTTPGTGTETQYF,PSGEGSFQPSQENPQ,3,TTPGTGTE,548
826,30255,CASSAGTSGEYEQYF,SGEGSFQPSQENP,3,AGTSGEYE,70
827,30256,CASSEARRYNEQFF,PSGEGSFQPSQENPQ,3,SEARRYNE,501
828,30257,CASSQTQLWETQYF,NLVPMVATV,3,SQTQLWET,683
829,30258,CASSLAPGTTNEKLFF,NLVPMVATV,3,LAPGTTNE,230
830,30259,CASGGGGTLYF,EQYKFYSV,3,SGGGGTLY,783
831,30260,CASSDWVSYEQYF,ALWGFFPVL,3,SDWVSYEQ,473
832,30261,CSARDLTSGANNEQFF,ENPVVHFFKNIVTP,3,DLTSGANN,702
833,30262,CASGGGGTLYF,QLSPFPFDL,3,SGGGGTLY,783
834,30263,CASSDWVSYEQYF,ALWGFFPVL,3,SDWVSYEQ,473
835,30264,CASSDWVSYEQYF,ALWGFFPVL,3,SDWVSYEQ,473
836,30265,CASGGGGTLYF,QLSPFPFDL,3,SGGGGTLY,783
837,30266,CASSDWVSYEQYF,ALWGFFPVL,3,SDWVSYEQ,473
838,30267,CSARDLTSGANNEQFF,MDFARVHFISALHGSG,3,DLTSGANN,702
839,30268,CASIDSSGNTLYF,FEAQKAKANKAVDG,3,IDSSGNTL,725
840,30269,CASGDFWGDTLYF,FEAQKAKANKAVD,3,GDFWGDTL,263
841,30270,CASGDAWGYEQYF,FEAQKAKANKAV,3,GDAWGYEQ,687
842,30271,CASRPGLAGGRPEQYF,LLFGPVYV,3,PGLAGGRP,69
843,30272,CASGGGGTLYF,QLSPFPFDL,3,SGGGGTLY,783
844,30273,CASGGGGTLYF,QLSPFPFDL,3,SGGGGTLY,783
845,30274,CWSFAGSYYVF,SLLMWITQV,3,SFAGSYYV,553
846,30275,CWSFAGSYYVF,SLLMWITQV,3,SFAGSYYV,553
847,30276,CAWSVSVGAGVPTIYF,RYPLTFGWCF,3,VSVGAGVP,710
848,30277,CSARGGSYNSPLHF,FSWGAEGQRPGF,3,RGGSYNSP,217
849,30278,CATSALGDTQYF,NPVVHFFKNIVTPR,3,TSALGDTQ,370
850,30279,CASSLNWSQDTQYF,ADLIAYLKQATKG,3,SLNWSQDT,571
851,30280,CASSLNNANSDYTF,ADLIAYLEQATKG,3,SLNNANSD,183
852,30281,CASGDFWGDTLYF,FEAQKAKANKAVD,3,GDFWGDTL,263
853,30282,CSARGGSYNSPLHF,FSWGAEGQRPGFGSGG,3,RGGSYNSP,217
854,30283,CASSDAPGQLYF,QLSDVPMDL,3,SSDAPGQL,468
855,30284,CASSDAPGQLYF,SPLDSLWWI,3,SSDAPGQL,468
856,30285,CASSDAPGQLYF,FLSPFWFDI,3,SSDAPGQL,468
857,30286,CASSFLGTGVEQYF,EAAGIGILTV,3,SFLGTGVE,613
858,30287,CATSALGDTQYF,RLLMLFAKDVVSRN,3,TSALGDTQ,370
859,30288,CASSLRDGYTGELFF,QHIRCNIPKRISA,3,LRDGYTGE,336
860,30289,CATSALGDTQYF,QLVHFVRDFAQL,3,TSALGDTQ,370
861,30290,CASSDAPGQLYF,SPAEAGFFL,3,SSDAPGQL,468
862,30291,CASSDAPGQLYF,QPAEGGFQL,3,SSDAPGQL,468
863,30292,CASSDAPGQLYF,SPAPRPLDL,3,SSDAPGQL,468
864,30293,CASSDAPGQLYF,MPAGRPWDL,3,SSDAPGQL,468
865,30294,CASSDAPGQLYF,VPYMAEFGM,3,SSDAPGQL,468
866,30295,CASGDFWGDTLYF,FEAQKAKANKAVD,3,GDFWGDTL,263
867,30296,CASSLAQGGETQYF,QAFWIDLFETIG,3,SLAQGGET,258
868,30297,CASGDFWGDTLYF,FEAQKAKANKAVD,3,GDFWGDTL,263
869,30298,CASSLEGGYYNEQFF,IPSINVHHY,3,LEGGYYNE,544
870,30299,CAAWDDSLNGWVF,RMFPNAPYL,3,WDDSLNGW,667
871,30300,CASRRGPYEQYF,KLVALVINAV,3,SRRGPYEQ,481
872,30301,CASSFNMATGQYF,EVDPIGHLY,3,SFNMATGQ,630
873,30302,CASSFNMATGQYF,ESDPIVAQY,3,SFNMATGQ,630
874,30303,CASSLWEKLAKNIQYF,YQFGPDFPIA,3,LWEKLAKN,381
875,30304,CASSLWEKLAKNIQYF,RQWGPDPAAV,3,LWEKLAKN,381
876,30305,CASSLWEKLAKNIQYF,YLGGPDFPTI,3,LWEKLAKN,381
877,30306,CASSLWEKLAKNIQYF,MVWGPDPLYV,3,LWEKLAKN,381
878,30307,CASSLWEKLAKNIQYF,RQFGPDFPTI,3,LWEKLAKN,381
879,30308,CASSLWEKLAKNIQYF,RQFGPDWIVA,3,LWEKLAKN,381
880,30309,CASSLIYPGELFF,GILGFVFTL,3,SLIYPGEL,277
881,30310,CASRPGWMAGGVELYF,ELAGIGILTV,3,PGWMAGGV,5
882,30311,CASSFIGGTDTQYF,YLEPGPVTV,3,SFIGGTDT,470
883,30312,CASSIRSSYEQYF,GILGFVFTL,3,SIRSSYEQ,365
884,30313,CASSSRSSYEQYF,GILGLVFTL,3,SSRSSYEQ,579
885,30314,CASSIRSSYEQYF,GILEFVFTL,3,SIRSSYEQ,365
886,30315,CASSLWEKLAKNIQYF,AQWGPDPAAA,3,LWEKLAKN,381
887,30316,CASSIFGQREQYF,GILGFVFTL,3,SIFGQREQ,575
888,30317,CASSLGHTEVFF,RGPGRAFVTI,3,SSLGHTEV,303
889,30318,CASSIGVYGYTF,GILGFVFTL,3,SSIGVYGY,36
890,30319,CASRRGPYEQYF,KLVALGINAV,3,SRRGPYEQ,481
891,30320,CASSVAPGSDTQYF,APSGEGSFQPSQENPQ,3,SVAPGSDT,113
892,30321,CASSVAGTPSYEQYF,QPQQSFPEQEA,3,VAGTPSYE,505
893,30322,CASSNRGLGTDTQYF,GPQQSFPEQEA,3,NRGLGTDT,467
894,30323,CASSDAGGRNTLYF,KAVANFATM,3,SDAGGRNT,605
895,30324,CASSDAGGRNTLYF,KAPANFATM,3,SDAGGRNT,605
896,30325,CASSDAGGRNTLYF,KAPFNFATM,3,SDAGGRNT,605
897,30326,CASSYQGTEAFF,ILAKFLHWL,3,SSYQGTEA,609
898,30327,CASSQGLAGAGELFF,ELAGIGILTV,3,QGLAGAGE,775
899,30328,CASSDTVSYEQYF,SLYNTVATL,3,SDTVSYEQ,34
900,30329,CASSDTVSYEQYF,SLYNTIATL,3,SDTVSYEQ,34
901,30330,CASSDTVSYEQYF,SLFNTIAVL,3,SDTVSYEQ,34
902,30331,CASSQGLAGAGELFF,ELAGIGILTV,3,QGLAGAGE,775
903,30332,CASSAGLDAEQYF,ASNENMETM,3,SAGLDAEQ,311
904,30333,CASSRDLGRDTQYF,ASNENMETM,3,SRDLGRDT,480
905,30334,CASSLLGGWSEAFF,GILGFVFTL,3,SLLGGWSE,120
906,30335,CASSDAGGRNTLYF,KAPYNFATM,3,SDAGGRNT,605
907,30336,CASSDAGGRNTLYF,KAVYNFATM,3,SDAGGRNT,605
908,30337,CASSANPGDSSNEKLFF,VMAPRTLIL,3,NPGDSSNE,415
909,30338,CASSANPGDSSNEKLFF,VMAPRTLVL,3,NPGDSSNE,415
910,30339,CASSLGQGLLYGYTF,GTSGSPIVNR,3,LGQGLLYG,724
911,30340,CASSLGQGLLYGYTF,GTSGSPIINR,3,LGQGLLYG,724
912,30341,CASSDWGDTGQLYF,SQLLNAKYL,3,SDWGDTGQ,75
913,30342,CASRTRGGTLIEQYF,IPLTEEAEL,3,TRGGTLIE,367
914,30343,CAWSVSVGAGVPTIYF,RYPLTFGWCF,3,VSVGAGVP,710
915,30344,CASRRGPYEQYF,KLVALGINAV,3,SRRGPYEQ,481
916,30345,CASRRGSAELYF,KLVALGINAV,3,SRRGSAEL,98
917,30346,CASSLSFGTEAFF,SMLGIGIVPV,3,SLSFGTEA,737
918,30347,CASSLSFGTEAFF,MMWDRGLGMM,3,SLSFGTEA,737
919,30348,CASSQRQEGDTQYF,APRGPHGGAASGL,3,SQRQEGDT,353
920,30349,CASSGGHTGSNEQFF,APRGPHGGAASGL,3,GGHTGSNE,723
921,30350,CASSLNWSQDTQYF,ADSLSFFSSSIKRGGGSLVP,3,SLNWSQDT,571
922,30351,CASSFRGGKTQYF,IPLTEEAEL,3,SFRGGKTQ,122
923,30352,CASRTRGGTLIEQYF,IPLTEEAEL,3,TRGGTLIE,367
924,30353,CASRTRGGTLIEQYF,VPLTEDAEL,3,TRGGTLIE,367
925,30354,CASSRLAGGMDEQFF,RFYKTLRAEQASQ,3,RLAGGMDE,312
926,30355,CASSGLAGGMDEQFF,RFYKTLRAEQASQ,3,GLAGGMDE,404
927,30356,CASSRLAGGMDEQFF,RFYKTLRAEQASQ,3,RLAGGMDE,312
928,30357,CASSRLAGGMDEQFF,RFYKTLRAEQASQ,3,RLAGGMDE,312
929,30358,CASSWSFGTEAFF,AAGIGILTV,3,SWSFGTEA,346
930,30359,CTCSAGLGYEQYF,LVERLYLVCGEEGA,3,SAGLGYEQ,408
931,30360,CASGGLGGDEQYF,LVERLYLVCGGEG,3,GGLGGDEQ,46
932,30361,CASSAGNTIYF,VEELYLVAGEEGCGGGGSL,3,SSAGNTIY,477
933,30362,CASSWSFGTEAFF,ELAGIGILTV,3,SWSFGTEA,346
934,30363,CASSAGNTIYF,VEELYLVAGEEGCGGGGSL,3,SSAGNTIY,477
935,30364,CAWSETGLGTGELFF,AAGIGILTV,3,ETGLGTGE,55
936,30365,CAWSETGLGMGGWQF,AAGIGILTV,3,ETGLGMGG,37
937,30366,CASSDAGGRNTLYF,KAPYDYAPI,3,SDAGGRNT,605
938,30367,CASSDGDYEQYF,SPSYAYHQF,3,SSDGDYEQ,517
939,30368,CASGDFWGDTLYF,RVSYYGPKTSPVQ,3,GDFWGDTL,263
940,30369,CASGDFWGDTLYF,RVSYYGPKTSPVQ,3,GDFWGDTL,263
941,30370,CASGDFWGDTLYF,VSYYGPKTSPVQ,3,GDFWGDTL,263
942,30371,CASGDFWGDTLYF,RVSYYGPKTSPVQ,3,GDFWGDTL,263
943,30372,CASGDFWGDTLYF,RVSYYGPKTSPVQ,3,GDFWGDTL,263
944,30373,CASGDFWGDTLYF,RVSYYGPKTSPVQ,3,GDFWGDTL,263
945,30374,CASSMSAMGTEAFF,FEDLRVLSF,3,SMSAMGTE,47
946,30375,CASSRTSPTDTQYF,KQWLVWLFL,3,SRTSPTDT,283
947,30376,CASSHGASTDTQYF,APFSEQEQPVLG,3,SHGASTDT,661
948,30377,CASSSGGWGGGTEAFF,APFSEQEQPVLG,3,SGGWGGGT,618
949,30378,CASSYVGNTGELFF,SLLMWITQV,3,SYVGNTGE,39
950,30379,CASSPLDVSISSYNEQFF,SLSKILDTV,3,LDVSISSY,808
951,30380,CASSSPGGVSTEAFF,SLLMWITQV,3,SPGGVSTE,791
952,30381,CSVGGSGGADTQYF,SLLMWITQV,3,GGSGGADT,77
953,30382,CASSYLNRDSALDF,SLLMWITQV,3,SYLNRDSA,655
954,30383,CASSLGFGRDVMRF,RMFPNAPYL,3,SLGFGRDV,749
955,30384,CAWSETGLGMGGWQF,EAAGIGILTV,3,ETGLGMGG,37
956,30385,CASSFLMTSGDPYEQYF,GVYDGREHTV,3,LMTSGDPY,572
957,30386,CASSLEGQGASEQFF,APMPMPELPYP,3,LEGQGASE,733
958,30387,CASSFRALAADTQYF,AVVQSELPYPEGS,3,FRALAADT,552
959,30388,CASSDPGTEAFF,GADGVGKSAL,3,SSDPGTEA,71
960,30389,CASSITLSSYNEQFF,ITDQVPFSV,3,ITLSSYNE,220
961,30390,CASSITLSSYNEQFF,IMDQVPFSV,3,ITLSSYNE,220
962,30391,CASSMGGTYEQYF,ITDQVPFSV,3,SMGGTYEQ,83
963,30392,CASSMGGTYEQYF,ILDQVPFSV,3,SMGGTYEQ,83
964,30393,CASSQDLFTGGYTF,RPPIFIRRL,3,SQDLFTGG,232
965,30394,CASSIQQGADTQYF,HMTEVVRHC,3,SIQQGADT,447
966,30395,CASSEGLWQVGDEQYF,HMTEVVRHC,3,EGLWQVGD,50
967,30396,CAISELVTGDSPLHF,HMTEVVRHC,3,ELVTGDSP,359
968,30397,CASSRGTIHSNTEVFF,ASNENMETM,3,RGTIHSNT,405
969,30398,CASSLGGAGGADTQYF,RLQSLQTYV,3,LGGAGGAD,104
970,30399,CASSPDIEQYF,YLQPRTFLL,3,SSPDIEQY,567
971,30400,CAGQVTNTGELFF,YLQPRTFLL,3,QVTNTGEL,531
972,30401,CASSLSASGGATDTQYF,GQVELGGGNAVEVCKGS,3,SASGGATD,739
973,30402,CASSLERDGYTF,GQVELGGGNAVEVCK,3,SSLERDGY,288
974,30403,CASSLERETQYF,GQVELGGGNAVEVCKGS,3,SSLERETQ,684
975,30404,CASSYSIRGSRGEQFF,RLPAKAPLL,3,YSIRGSRG,154
976,30405,CASSYSIRGSRGEQFF,RLPAKAPLLGCG,3,YSIRGSRG,154
977,30406,CASSYSIRGSRGEQFF,RLPAKAPL,3,YSIRGSRG,154
978,30407,CASSYSIRGSRGEQFF,RLPAKAPL,3,YSIRGSRG,154
979,30408,CASSLGIDAIYF,TPQDLNTML,3,SSLGIDAI,169
980,30409,CASSLGIDAIYF,TPQDLNTML,3,SSLGIDAI,169
981,30410,CASSLGREYGYTF,RMYSPVSIL,3,SLGREYGY,518
982,30411,CASSLGREYGYTF,RMYSPVSI,3,SLGREYGY,518
983,30412,CASSLDPGDTGELFF,HMTEVVRHC,3,LDPGDTGE,7
984,30413,CASSPDIEQYF,YLQPRTFLL,3,SSPDIEQY,567
985,30414,CASSGLAGGPVSGANVLTF,ALHGGWTTK,3,AGGPVSGA,64
986,30415,CASSQGQDTEAFF,QPFPQPEQPFP,3,SQGQDTEA,114
987,30416,CSVALGSDTGELFF,LQPFPQPELPYGSGGS,3,ALGSDTGE,118
988,30417,CSVALGSDTGELFF,LQPFPQPELPYGSGGS,3,ALGSDTGE,118
989,30418,CASSLVAETYEQYF,ALHGGWTTK,3,SLVAETYE,568
990,30571,CASSVGQGKAFF,PKYVKQNTLKLAT,3,SSVGQGKA,44
991,30573,CASSLSQGDQPQHF,PKYVKQNTLKLAT,3,SLSQGDQP,115
992,30629,CASSVAPGSEGEAFF,PKYVKQNTLKLAT,3,VAPGSEGE,198
993,30630,CSAGGWDRVNQPQHF,PKYVKQNTLKLAT,3,GWDRVNQP,411
994,30631,CASSESQTGDYEQYF,PKYVKQNTLKLAT,3,ESQTGDYE,67
995,30632,CATSDSTSGGTDTQYF,PKYVKQNTLKLAT,3,DSTSGGTD,1
996,30659,CSVGTGGTNEKLFF,GLCTLVAML,3,GTGGTNEK,472
997,30660,CSVGSGGTNEKLFF,GLCTLVAML,3,GSGGTNEK,40
998,30683,CASSPGLTYPGELFF,GLCTLVAML,3,PGLTYPGE,652
999,30684,CASSEGQVSPGELFF,GLCTLVAML,3,EGQVSPGE,442
1000,30685,CASSKGSVAPGELFF,GLCTLVAML,3,KGSVAPGE,670
1001,30690,CSARDRVGNTIYF,GLCTLVAML,3,RDRVGNTI,744
1002,30692,CSVGTGGTNEKLFF,GLCTLVAML,3,GTGGTNEK,472
1003,32387,CASPGLAGEYEQYF,LPEPLPQGQLTAY,3,PGLAGEYE,164
1004,32388,CASPGETEAFF,LPEPLPQGQLTAY,3,SPGETEAF,583
1005,32389,CASPGETEAFF,LPEPLPQGQLTAY,3,SPGETEAF,583
1006,32391,CASPGLAGEYEQYF,GPEPLPQGQLTAY,3,PGLAGEYE,164
1007,32392,CASPGLAGEYEQYF,LPEGLPQGQLTAY,3,PGLAGEYE,164
1008,32393,CASPGLAGEYEQYF,LPEPLGQGQLTAY,3,PGLAGEYE,164
1009,32394,CASPGLAGEYEQYF,LPEPLPQAQLTAY,3,PGLAGEYE,164
1010,32395,CASPGLAGEYEQYF,LPEPLPQGGLTAY,3,PGLAGEYE,164
1011,32396,CASPGLAGEYEQYF,LPEPLPQGQGTAY,3,PGLAGEYE,164
1012,32397,CASPGLAGEYEQYF,LPEPLPQGQLGAY,3,PGLAGEYE,164
1013,32398,CASPGLAGEYEQYF,LPEPLPQGQLTGY,3,PGLAGEYE,164
1014,32399,CASGTGDSNQPQHF,EPLPQGQLTAY,3,GTGDSNQP,231
1015,32400,CATGTGDSNQPQHF,EPLPQGQLTAY,3,GTGDSNQP,231
1016,32401,CAISTGDSNQPQHF,EPLPQGQLTAY,3,STGDSNQP,438
1017,32402,CASSTGDSNQPQHF,EPLPQGQLTAY,3,STGDSNQP,438
1018,32403,CASSLIGRDEQFF,EPLPQGQLTAY,3,SLIGRDEQ,371
1019,32404,CASAQIGPYEQYF,EPLPQGQLTAY,3,AQIGPYEQ,614
1020,32405,CANSQPGGIEQFF,EPLPQGQLTAY,3,SQPGGIEQ,262
1021,32461,CASSFQTGASYGYTF,NLVPMVATV,3,FQTGASYG,637
1022,32465,CASSPVTGGIYGYTGF,NLVPMVATV,3,PVTGGIYG,141
1023,32476,CASSPVTGGIYGYTGF,NLVPMVATV,3,PVTGGIYG,141
1024,32477,CASSPVTGGIYGYTGF,NLVPMVATV,3,PVTGGIYG,141
1025,32520,CASSSAYYGYTF,NLVPMVATV,3,SSSAYYGY,536
1026,32562,CSVGTGGTNEKLFF,GLCTLVAML,3,GTGGTNEK,472
1027,33330,CASSSAYYGYTF,NLVPMVATV,3,SSSAYYGY,536
1028,33347,CASSYQTGAAYGYTF,NLVPMVATV,3,YQTGAAYG,726
1029,33498,CSARDRVGNTIYF,GLCTLVAML,3,RDRVGNTI,744
1030,33513,CSVGTGGTNEKLFF,GLCTLVAML,3,GTGGTNEK,472
1031,34284,CASSYQTGAAYGYTF,NLVPMVATV,3,YQTGAAYG,726
1032,34288,CASSYQTGAAYGYTF,NLVPMVATV,3,YQTGAAYG,726
1033,34291,CASSYQTGAAYGYTF,NLVPMVATV,3,YQTGAAYG,726
1034,35600,CASKGQGARDGYTF,IPSINVHHY,3,KGQGARDG,662
1035,35601,CASRVGTGNLYEQYF,TPRVTGGGAM,3,VGTGNLYE,563
1036,35604,CASSHWDRETSGNTIYF,NLVPMVATV,3,WDRETSGN,767
1037,35605,CASSLALGVAKNIQYF,TPRVTGGGAM,3,LALGVAKN,242
1038,35607,CASSLDSQSSGNTIYF,VLEETSVML,3,LDSQSSGN,398
1039,35610,CASSLQRGRTDTQYF,VLEETSVML,3,LQRGRTDT,556
1040,35617,CASSYQTGAAYGYTF,NLVPMVATV,3,YQTGAAYG,726
1041,35619,CASSYSTGTHLEQYF,NLVPMVATV,3,YSTGTHLE,339
1042,35622,CSVEEGVLYEQYF,IPSINVHHY,3,EEGVLYEQ,622
1043,35624,CASGWGSQPQHF,AVFDRKSDAK,3,SGWGSQPQ,323
1044,35626,CASREGDINTGELFF,IVTDFSVIK,3,EGDINTGE,453
1045,35627,CASRTLAGPNTGELFF,RPPIFIRRL,3,TLAGPNTG,394
1046,35632,CASSDLNSPLHF,RAKFKQLL,3,SSDLNSPL,530
1047,35635,CASSFSGSLTTEAFF,RAKFKQLL,3,FSGSLTTE,165
1048,35636,CASSFSPTAQGLEQYF,YPLHEQHGM,3,FSPTAQGL,53
1049,35638,CASSLAVLSSYNEQFF,RAKFKQLL,3,LAVLSSYN,74
1050,35648,CASSLVSSGANVLTF,RAKFKQLL,3,LVSSGANV,550
1051,35653,CASSQDRLTGGYTF,RPPIFIRRL,3,SQDRLTGG,492
1052,35655,CASSQETGSYEQFF,RPPIFIRRL,3,SQETGSYE,787
1053,35656,CASSQETGSYEQYF,RPPIFIRRL,3,SQETGSYE,787
1054,35659,CASSQGVGENTEAFF,RAKFKQLL,3,QGVGENTE,488
1055,35661,CASSQVRGRGEQYF,RAKFKQLL,3,SQVRGRGE,455
1056,35662,CASSRTSATGELFF,AVFDRKSDAK,3,SRTSATGE,639
1057,35663,CASSSGQAYEQYF,FLRGRAYGL,3,SSGQAYEQ,97
1058,35664,CASSSLRGSNQPQHF,YVLDHLIVV,3,SLRGSNQP,751
1059,35665,CASSSLTGSGQPQHF,YVLDHLIVV,3,SLTGSGQP,204
1060,35668,CASSVLAGDTQYF,RAKFKQLL,3,SVLAGDTQ,347
1061,35670,CASSWGQGSNYGYTF,IVTDFSVIK,3,WGQGSNYG,529
1062,35674,CASYWGLAVNEQFF,RPPIFIRRL,3,YWGLAVNE,19
1063,35678,CSARGEAITEKLFF,GLCTLVAML,3,RGEAITEK,190
1064,35683,CSVGSGGTNEKLFF,GLCTLVAML,3,GSGGTNEK,40
1065,35684,CSVGTGGTNEKLFF,GLCTLVAML,3,GTGGTNEK,472
1066,35695,CASRVGAGNTEAFF,TPRVTGGGAM,3,RVGAGNTE,11
1067,35707,CASSLVTGTGKYGYTF,NLVPMVATV,3,LVTGTGKY,227
1068,35713,CASSQHDRGFSTEAFF,TPRVTGGGAM,3,QHDRGFST,551
1069,35717,CASSSHDRDGGYSPLHF,TPRVTGGGAM,3,HDRDGGYS,400
1070,35719,CASSSHERQGQNSPLHF,TPRVTGGGAM,3,HERQGQNS,156
1071,35732,CASKMRGDVYEQYF,RAKFKQLL,3,KMRGDVYE,170
1072,35752,CASSEILGMNTEAFF,RPPIFIRRL,3,EILGMNTE,545
1073,35761,CASSFQGSNEKLFF,RAKFKQLL,3,SFQGSNEK,402
1074,35765,CASSGTHNEQFF,RPPIFIRRL,3,SSGTHNEQ,628
1075,35768,CASSIDGTAYEQYF,GLCTLVAML,3,SIDGTAYE,125
1076,35780,CASSLGLENEQFF,GLCTLVAML,3,SLGLENEQ,507
1077,35784,CASSLGTSFRTDTQYF,YVLDHLIVV,3,LGTSFRTD,12
1078,35794,CASSLSQGIQNIQYF,RPPIFIRRL,3,LSQGIQNI,573
1079,35801,CASSLTGPGDQPQHF,RAKFKQLL,3,LTGPGDQP,146
1080,35820,CASSPPGPTGRGWYDTF,RAKFKQLL,3,PGPTGRGW,313
1081,35826,CASSPTNPAGDTETQYF,RPPIFIRRL,3,TNPAGDTE,674
1082,35830,CASSQAGQGNSPLHF,RAKFKQLL,3,QAGQGNSP,249
1083,35831,CASSQAQGMGNSPLHF,RAKFKQLL,3,QAQGMGNS,54
1084,35837,CASSQEGTGSYEQYF,AVFDRKSDAK,3,QEGTGSYE,542
1085,35846,CASSQTTSVNTEAFF,RAKFKQLL,3,QTTSVNTE,222
1086,35851,CASSRGTGEGYEQYF,RAKFKQLL,3,RGTGEGYE,645
1087,35865,CASSVASGTDTQYF,FLRGRAYGL,3,SVASGTDT,76
1088,35877,CASTREGLNTGELFF,GLCTLVAML,3,REGLNTGE,337
1089,35905,CSVGGAYEQYF,RPPIFIRRL,3,VGGAYEQY,727
1090,35908,CSVGTGGTNEKLFF,GLCTLVAML,3,GTGGTNEK,472
1091,35912,CASSSAYYGYTF,NLVPMVATV,3,SSSAYYGY,536
1092,35913,CASSSLNTEAFF,RAKFKQLL,3,SSSLNTEA,110
1093,35916,CSARDRVGNTIYF,GLCTLVAML,3,RDRVGNTI,744
1094,35917,CSVGTGGTNEKLFF,GLCTLVAML,3,GTGGTNEK,472
1095,35918,CASSQDRLTGGYTF,RPPIFIRRL,3,SQDRLTGG,492
1096,35923,CASSLTGPGDQPQHF,RAKFKQLL,3,LTGPGDQP,146
1097,35926,CSVGSGGTNEKLFF,GLCTLVAML,3,GSGGTNEK,40
1098,36106,CASSWWDTGELFF,RMFPNAPYL,3,SWWDTGEL,547
1099,36107,CAWGTLATEQYF,RMFPNAPYL,3,WGTLATEQ,439
1100,36136,CASSPLTGTGVYGYTF,NLVPMVATV,3,PLTGTGVY,716
1101,36140,CASSYQTGASYGYTF,NLVPMVATV,3,YQTGASYG,233
1102,36143,CSARGEAITEKLFF,GLCTLVAML,3,RGEAITEK,190
1103,36144,CASSIDGTAYEQYF,GLCTLVAML,3,SIDGTAYE,125
1104,36145,CASTREGLNTGELFF,GLCTLVAML,3,REGLNTGE,337
1105,36146,CASSLGLENEQFF,GLCTLVAML,3,SLGLENEQ,507
1106,36154,CSVGTGGTNEKLFF,GLCTLVAML,3,GTGGTNEK,472
1107,36160,CSVGSGGTNEKLFF,GLCTLVAML,3,GSGGTNEK,40
1108,36161,CSVGTGGTNEKLFF,GLCTLVAML,3,GTGGTNEK,472
1109,36162,CSVGTGGTNEKLFF,GLCTLVAML,3,GTGGTNEK,472
1110,36163,CSVGSGGTNEKLFF,GLCTLVAML,3,GSGGTNEK,40
1111,36164,CSVGTGGTNEKLFF,GLCTLVAML,3,GTGGTNEK,472
1112,36165,CSVGSGGTNEKLFF,GLCTLVAML,3,GSGGTNEK,40
1113,36169,CASSSLTGSGQPQHF,YVLDHLIVV,3,SLTGSGQP,204
1114,36170,CASSSLRGSNQPQHF,YVLDHLIVV,3,SLRGSNQP,751
1115,36171,CASSLGTSFRTDTQYF,YVLDHLIVV,3,LGTSFRTD,12
1116,36207,CASGWGSQPQHF,AVFDRKSDAK,3,SGWGSQPQ,323
1117,36209,CASSRTSATGELFF,AVFDRKSDAK,3,SRTSATGE,639
1118,36210,CASSQEGTGSYEQYF,AVFDRKSDAK,3,QEGTGSYE,542
1119,36212,CASSRTSATGELFF,AVFDRKSDAK,3,SRTSATGE,639
1120,36214,CASKGQGARDGYTF,IPSINVHHY,3,KGQGARDG,662
1121,36215,CSVEEGVLYEQYF,IPSINVHHY,3,EEGVLYEQ,622
1122,36229,CASRVGTGNLYEQYF,TPRVTGGGAM,3,VGTGNLYE,563
1123,36230,CASSLALGVAKNIQYF,TPRVTGGGAM,3,LALGVAKN,242
1124,36231,CASSSHDRDGGYSPLHF,TPRVTGGGAM,3,HDRDGGYS,400
1125,36232,CASSSHERQGQNSPLHF,TPRVTGGGAM,3,HERQGQNS,156
1126,36233,CASRVGAGNTEAFF,TPRVTGGGAM,3,RVGAGNTE,11
1127,36234,CASSQHDRGFSTEAFF,TPRVTGGGAM,3,QHDRGFST,551
1128,36238,CASSSHERQGQNSPLHF,TPRVTGGGAM,3,HERQGQNS,156
1129,36241,CASRVGTGNLYEQYF,TPRVTGGGAM,3,VGTGNLYE,563
1130,36248,CASSYSTGTHLEQYF,NLVPMVATV,3,YSTGTHLE,339
1131,36249,CASSSAYYGYTF,NLVPMVATV,3,SSSAYYGY,536
1132,36250,CASSLVTGTGKYGYTF,NLVPMVATV,3,LVTGTGKY,227
1133,36252,CASSYQTGAAYGYTF,NLVPMVATV,3,YQTGAAYG,726
1134,36253,CASSHWDRETSGNTIYF,NLVPMVATV,3,WDRETSGN,767
1135,36259,CASSLQRGRTDTQYF,VLEETSVML,3,LQRGRTDT,556
1136,36262,CASSLDSQSSGNTIYF,VLEETSVML,3,LDSQSSGN,398
1137,36267,CASSWGQGSNYGYTF,IVTDFSVIK,3,WGQGSNYG,529
1138,36268,CASREGDINTGELFF,IVTDFSVIK,3,EGDINTGE,453
1139,36278,CASYWGLAVNEQFF,RPPIFIRRL,3,YWGLAVNE,19
1140,36279,CASSQDRLTGGYTF,RPPIFIRRL,3,SQDRLTGG,492
1141,36280,CASRTLAGPNTGELFF,RPPIFIRRL,3,TLAGPNTG,394
1142,36281,CASSEILGMNTEAFF,RPPIFIRRL,3,EILGMNTE,545
1143,36282,CASSQETGSASQHF,RPPIFIRRL,3,SQETGSAS,31
1144,36283,CASSPTNPAGDTETQYF,RPPIFIRRL,3,TNPAGDTE,674
1145,36284,CSVGGAYEQYF,RPPIFIRRL,3,VGGAYEQY,727
1146,36285,CASSGTHNEQFF,RPPIFIRRL,3,SSGTHNEQ,628
1147,36286,CASSLSQGIQNIQYF,RPPIFIRRL,3,LSQGIQNI,573
1148,36292,CASSQETGSYEQYF,RPPIFIRRL,3,SQETGSYE,787
1149,36293,CASSQDRLTGGYTF,RPPIFIRRL,3,SQDRLTGG,492
1150,36295,CASSQETGSYEQFF,RPPIFIRRL,3,SQETGSYE,787
1151,36299,CASSSGQAYEQYF,FLRGRAYGL,3,SSGQAYEQ,97
1152,36300,CASSVASGTDTQYF,FLRGRAYGL,3,SVASGTDT,76
1153,36303,CASSFSPTAQGLEQYF,YPLHEQHGM,3,FSPTAQGL,53
1154,36306,CASSLVLSSPTYEQYF,RAKFKQLL,3,LVLSSPTY,788
1155,36307,CASSQTTSVNTEAFF,RAKFKQLL,3,QTTSVNTE,222
1156,36308,CASSSLNTEAFF,RAKFKQLL,3,SSSLNTEA,110
1157,36331,CASSQGVGENTEAFF,RAKFKQLL,3,QGVGENTE,488
1158,36332,CASSLAVLSSYNEQFF,RAKFKQLL,3,LAVLSSYN,74
1159,36333,CASSRGTGEGYEQYF,RAKFKQLL,3,RGTGEGYE,645
1160,36334,CASSPPGPTGRGWYDTF,RAKFKQLL,3,PGPTGRGW,313
1161,36335,CASSQAQGMGNSPLHF,RAKFKQLL,3,QAQGMGNS,54
1162,36336,CASSLTGPGDQPQHF,RAKFKQLL,3,LTGPGDQP,146
1163,36357,CASSLVSSGANVLTF,RAKFKQLL,3,LVSSGANV,550
1164,36358,CASSFSGSLTTEAFF,RAKFKQLL,3,FSGSLTTE,165
1165,36359,CASKMRGDVYEQYF,RAKFKQLL,3,KMRGDVYE,170
1166,36360,CASSQAGQGNSPLHF,RAKFKQLL,3,QAGQGNSP,249
1167,36361,CASSFQGSNEKLFF,RAKFKQLL,3,SFQGSNEK,402
1168,36389,CASSDLNSPLHF,RAKFKQLL,3,SSDLNSPL,530
1169,36390,CASSQVRGRGEQYF,RAKFKQLL,3,SQVRGRGE,455
1170,36391,CASSVLAGDTQYF,RAKFKQLL,3,SVLAGDTQ,347
1171,36392,CASSLTGPGDQPQHF,RAKFKQLL,3,LTGPGDQP,146
1172,36404,CASSDLNSPLHF,RAKFKQLL,3,SSDLNSPL,530
1173,37457,CASSYQTGAAYGYTF,NLVPMVATV,3,YQTGAAYG,726
1174,37461,CASSYQTGAAYGYTF,NLVPMVATV,3,YQTGAAYG,726
1175,38200,CASSRRTSGGTDTQYF,FRDYVDRFYKTLRAEQASQE,3,RRTSGGTD,272
1176,38350,CASSRRTSGGTDTQYF,FRDYVDRFYKTLRAEQASQE,3,RRTSGGTD,272
1177,38398,CASSEFRTRGYTF,FRDYVDRFYKTLRAEQASQE,3,SEFRTRGY,16
1178,38455,CATTPGASGISEQFF,FRDYVDRFYKTLRAEQASQE,3,PGASGISE,771
1179,38457,CASSRRTSGGTDTQYF,FRDYVDRFYKTLRAEQASQE,3,RRTSGGTD,272
1180,38464,CASSPGTSGVGEQFF,FRDYVDRFYKTLRAEQASQE,3,PGTSGVGE,668
1181,38492,CASSRRTSGGTDTQYF,FRDYVDRFYKTLRAEQASQE,3,RRTSGGTD,272
1182,38526,CASSPGTSGVGEQFF,FRDYVDRFYKTLRAEQASQE,3,PGTSGVGE,668
1183,38530,CASSRLAGGMDEQFF,FRDYVDRFYKTLRAEQASQE,3,RLAGGMDE,312
1184,38532,CASSPAPSASSYEQYF,KLVALGINAV,3,PAPSASSY,599
1185,38533,CASSWSASYEQYF,KLVALGINAV,3,SWSASYEQ,804
1186,38534,CASSSSWADTQYF,KLVALGINAV,3,SSSWADTQ,514
1187,38535,CASGQGQETQYF,KLVALGINAV,3,SGQGQETQ,79
1188,38536,CASSMGANEQFF,KLVALGINAV,3,SSMGANEQ,443
1189,38537,CASSLAQGQPQHF,KLVALGINAV,3,SLAQGQPQ,0
1190,38538,CASSYWQGELFF,KLVALGINAV,3,SSYWQGEL,92
1191,38539,CASTNRQEGQETQYF,KLVALGINAV,3,NRQEGQET,2
1192,38540,CASSPGGELFF,KLVALGINAV,3,SSPGGELF,177
1193,38541,CAISGQAVSTDTQYF,KLVALGINAV,3,GQAVSTDT,86
1194,38542,CASSPYPRGGTGELFF,KLVALGINAV,3,PYPRGGTG,696
1195,38543,CASSPADPFSNTQYF,KLVALGINAV,3,PADPFSNT,756
1196,38544,CSANSRTGLGYTF,KLVALGINAV,3,NSRTGLGY,389
1197,38545,CASSYGSYEQYF,KLVALGINAV,3,SSYGSYEQ,616
1198,38546,CASSWGGGEQYF,KLVALGINAV,3,SSWGGGEQ,142
1199,38547,CASSLEGSYEQYF,KLVALGINAV,3,SLEGSYEQ,500
1200,38548,CSAIDFPMGNEQFF,KLVALGINAV,3,IDFPMGNE,384
1201,38549,CASSSRHEGEDTEAFF,KLVALGINAV,3,SRHEGEDT,178
1202,38550,CASREDGASGSPDTQYF,KLVALGINAV,3,DGASGSPD,416
1203,38551,CASKMGAEAFF,KLVALGINAV,3,SKMGAEAF,117
1204,38552,CASSLGGDIQYF,KLVALGINAV,3,SSLGGDIQ,296
1205,38553,CASTGGLGYTF,KLVALGINAV,3,STGGLGYT,557
1206,38554,CASSYQSGNTEAFF,KLVALGINAV,3,SYQSGNTE,244
1207,38555,CASNRGDGYTF,KLVALGINAV,3,SNRGDGYT,700
1208,38556,CASSIALSDNYGYTF,KLVALGINAV,3,IALSDNYG,234
1209,38557,CAWSINSAEAFF,KLVALGINAV,3,WSINSAEA,454
1210,38558,CASSDSYGYTF,KLVALGINAV,3,SSDSYGYT,487
1211,38559,CASSLEREGRGEQFF,KLVALGINAV,3,LEREGRGE,116
1212,38560,CASSQGSYEQYF,KLVALGINAV,3,SSQGSYEQ,800
1213,38561,CQAGDTEAFF,KLVALGINAV,3,QAGDTEAF,535
1214,38562,CASTQSPLAGNEQYF,KLVALGINAV,3,QSPLAGNE,80
1215,38563,CASSGYTGELFF,KLVALGINAV,3,SSGYTGEL,395
1216,38564,CASTNSGNTIYF,KLVALGINAV,3,STNSGNTI,729
1217,38565,CASSSGATEAFF,KLVALGINAV,3,SSSGATEA,243
1218,38566,CASSQVGQNLYEQYF,KLVALGINAV,3,QVGQNLYE,466
1219,38567,CASSVEGGGAKETQYF,KLVALGINAV,3,VEGGGAKE,84
1220,38568,CASSIGHNTGELFF,KLVALGINAV,3,SIGHNTGE,320
1221,38569,CASTQGSTDTQYF,KLVALGINAV,3,TQGSTDTQ,644
1222,38570,CASSVAIWRGSYNEQFF,KLVALGINAV,3,AIWRGSYN,294
1223,38571,CASSSPGASTYEQYF,KLVALGINAV,3,SPGASTYE,476
1224,38572,CASSYNIAGELFF,KLVALGINAV,3,SYNIAGEL,88
1225,38573,CASSIAGSAYEQYF,KLVALGINAV,3,SIAGSAYE,750
1226,38574,CASSIRRIDPYNEQFF,KLVALGINAV,3,IRRIDPYN,23
1227,38575,CASSVELAGTYEQYF,KLVALGINAV,3,VELAGTYE,193
1228,38576,CASSYTGELFF,KLVALGINAV,3,SSYTGELF,236
1229,38577,CASSFGADTQYF,KLVALGINAV,3,SSFGADTQ,397
1230,38578,CASSAETQYF,KLVALGINAV,3,ASSAETQY,525
1231,38579,CASSSPHRDSYSPLHF,KLVALGINAV,3,SPHRDSYS,35
1232,38580,CASSQETQYF,KLVALGINAV,3,ASSQETQY,194
1233,38581,CASSIGQYEQYF,KLVALGINAV,3,SSIGQYEQ,184
1234,38582,CASSYRGSGNTIYF,KLVALGINAV,3,SYRGSGNT,596
1235,38583,CASSYAQGNEQFF,KLVALGINAV,3,SYAQGNEQ,649
1236,38584,CASSLGRGQFF,KLVALGINAV,3,SSLGRGQF,612
1237,38585,CASSRGDTEAFF,KLVALGINAV,3,SSRGDTEA,653
1238,38586,CASSLWSAGVHNEQFF,KLVALGINAV,3,LWSAGVHN,106
1239,38587,CASSEGDTEAFF,KLVALGINAV,3,SSEGDTEA,60
1240,38588,CASSVEGIDEKLFF,KLVALGINAV,3,SVEGIDEK,206
1241,38589,CATSSGDLSSGANVLTF,KLVALGINAV,3,GDLSSGAN,617
1242,38590,CATSIDRGREKLFF,KLVALGINAV,3,SIDRGREK,21
1243,38591,CASSMGGNPEQYF,KLVALGINAV,3,SMGGNPEQ,284
1244,38592,CASSDDRGPYEQYF,KLVALGINAV,3,SDDRGPYE,403
1245,38593,CASSQVRLNTEAFF,KLVALGINAV,3,SQVRLNTE,537
1246,38594,CASSRSLNVNSNQPQHF,KLVALGINAV,3,SLNVNSNQ,554
1247,38595,CASSLGEKLFF,KLVALGINAV,3,SSLGEKLF,784
1248,38596,CASDSNTEAFF,KLVALGINAV,3,SDSNTEAF,685
1249,38597,CASSMGGEQYF,KLVALGINAV,3,SSMGGEQY,590
1250,45463,CASSIRSSYEQYF,GILGFVFTL,3,SIRSSYEQ,365
1251,45468,CASSIRSSYEQYF,GILGFVFTL,3,SIRSSYEQ,365
1252,45479,CASSIRSSYEQYF,GILGFVFTL,3,SIRSSYEQ,365
1253,45482,CASSIRSSYEQYF,GILGFVFTL,3,SIRSSYEQ,365
1254,45487,CASSQTQLWETQYF,NLVPMVATV,3,SQTQLWET,683
1255,45490,CASSPQTGVGNYGYTF,NLVPMVATV,3,PQTGVGNY,688
1256,45491,CASSLAPGTTNEKLFF,NLVPMVATV,3,LAPGTTNE,230
1257,45493,CASSLAPGTTNEKLFF,NLVPMVATV,3,LAPGTTNE,230
1258,45495,CASSSVNEQFF,NLVPMVATV,3,SSSVNEQF,532
1259,45496,CASSIRSSYEQYF,GILGFVFTL,3,SIRSSYEQ,365
1260,45498,CASSLLGGWSEAFF,GILGFVFTL,3,SLLGGWSE,120
1261,45499,CASSLIYPGELFF,GILGFVFTL,3,SLIYPGEL,277
1262,45500,CASSSETELLYYGYTF,NLVPMVATV,3,SETELLYY,318
1263,45501,CASSQQTGTIGGYTF,NLVPMVATV,3,QQTGTIGG,138
1264,45502,CASSFQGFTEAFF,NLVPMVATV,3,SFQGFTEA,293
1265,45503,CASSFTLGTGGVEQYF,NLVPMVATV,3,FTLGTGGV,801
1266,45504,CSARGQDIYEQYF,NLVPMVATV,3,RGQDIYEQ,162
1267,45505,CASGLTGFMDEQYF,NLVPMVATV,3,GLTGFMDE,619
1268,45507,CASSQALPYEQYF,NLVPMVATV,3,SQALPYEQ,607
1269,45508,CASSITLGTGGVEQYF,NLVPMVATV,3,ITLGTGGV,314
1270,45509,CASSIVGGNEQFF,GILGFVFTL,3,SIVGGNEQ,187
1271,45510,CASSMRSTGELFF,GILGFVFTL,3,SMRSTGEL,562
1272,45513,CASSIRSSYEQYF,GILGFVFTL,3,SIRSSYEQ,365
1273,45515,CASSIRSSYEQYF,GILGFVFTL,3,SIRSSYEQ,365
1274,45517,CASSIRSSYEQYF,GILGFVFTL,3,SIRSSYEQ,365
1275,45518,CASSIRSSYEQYF,GILGFVFTL,3,SIRSSYEQ,365
1276,45519,CASSIVGGNEQFF,GLCTLVAML,3,SIVGGNEQ,187
1277,45529,CASSIVGGNEQFF,YVLDHLIVV,3,SIVGGNEQ,187
1278,45530,CASSIRSAWAQYF,YVLDHLIVV,3,SIRSAWAQ,776
1279,45539,CASSMRSADTQYF,GILGFVFTL,3,SMRSADTQ,158
1280,45540,CASSVRASDEQYF,GILGFVFTL,3,SVRASDEQ,558
1281,45541,CASSPSSVADTQYF,GILGFVFTL,3,SPSSVADT,541
1282,45542,CASSSRAAYEQYF,GILGFVFTL,3,SSRAAYEQ,689
1283,45569,CASSIRSSYEQYF,GILGFVFTL,3,SIRSSYEQ,365
1284,45570,CASSPTGVGEQFF,GILGFVFTL,3,SPTGVGEQ,166
1285,45571,CASSIRASYEQYF,GILGFVFTL,3,SIRASYEQ,671
1286,45572,CASSIRSSYEQYF,GILGFVFTL,3,SIRSSYEQ,365
1287,45573,CASSIRSSYEQYF,GILGFVFTL,3,SIRSSYEQ,365
1288,45577,CASSIRSSYEQYF,GILGFVFTL,3,SIRSSYEQ,365
1289,45578,CASSIRSSYEQYF,GILGFVFTL,3,SIRSSYEQ,365
1290,45579,CASSIRSSYEQYF,GILGFVFTL,3,SIRSSYEQ,365
1291,45580,CASSIRSSYEQYF,GILGFVFTL,3,SIRSSYEQ,365
1292,45581,CASSIRSSYEQYF,GILGFVFTL,3,SIRSSYEQ,365
1293,45585,CASSIRSSYEQYF,GILGFVFTL,3,SIRSSYEQ,365
1294,45588,CASSIRSSYEQYF,GILGFVFTL,3,SIRSSYEQ,365
1295,45589,CASSVRSTGELFF,GILGFVFTL,3,SVRSTGEL,580
1296,45590,CASSIRSTGELFF,GILGFVFTL,3,SIRSTGEL,285
1297,45591,CASSIRSEDTQYF,GILGFVFTL,3,SIRSEDTQ,586
1298,45592,CASSIRSTDTQYF,GILGFVFTL,3,SIRSTDTQ,361
1299,45597,CASSIRSTDTQYF,GILGFVFTL,3,SIRSTDTQ,361
1300,45601,CASSIRSSYEQYF,GILGFVFTL,3,SIRSSYEQ,365
1301,45604,CASSIRSTGELFF,GILGFVFTL,3,SIRSTGEL,285
1302,45607,CASSIRSTGELFF,GILGFVFTL,3,SIRSTGEL,285
1303,45609,CASTLAGVGYEQFF,GILGFVFTL,3,TLAGVGYE,498
1304,45610,CASSTGNYGYTF,GILGFVFTL,3,SSTGNYGY,475
1305,45611,CASSTGFYGYTF,GILGFVFTL,3,SSTGFYGY,149
1306,45612,CASSIRSAHEQFF,GILGFVFTL,3,SIRSAHEQ,631
1307,45616,CASSIRSSYEQYF,GILGFVFTL,3,SIRSSYEQ,365
1308,45618,CASSIRSTGELFF,GILGFVFTL,3,SIRSTGEL,285
1309,45627,CASSIRSSYEQYF,GILGFVFTL,3,SIRSSYEQ,365
1310,46367,CSARDRVGNTIYF,GLCTLVAML,3,RDRVGNTI,744
1311,46382,CSVGTGGTNEKLFF,GLCTLVAML,3,GTGGTNEK,472
1312,46571,CSARDRVGNTIYF,GLCTLVAML,3,RDRVGNTI,744
1313,46614,CASSIDGTAYEQYF,GLCTLVAML,3,SIDGTAYE,125
1314,46710,CSARDRVGNTIYF,GLCTLVAML,3,RDRVGNTI,744
1315,46741,CSVGSGGTNEKLFF,GLCTLVAML,3,GSGGTNEK,40
1316,50553,CASSLGQGLLYGYTF,GTSGSPIVNR,3,LGQGLLYG,724
1317,50554,CASSLGQGLLYGYTF,GTSGSPIINR,3,LGQGLLYG,724
1318,51376,CASSRANYEQYF,SIINFEKL,3,SSRANYEQ,341
1319,51377,CASSRANYEQYF,SIINFEKL,3,SSRANYEQ,341
1320,51378,CASSRANYEQYF,SIINFEKL,3,SSRANYEQ,341
1321,54754,CASGTEAFF,HPVGEADYFEY,3,ASGTEAFF,22
1322,54755,CASGLGGSNEQFF,HPVGEADYFEY,3,GLGGSNEQ,770
1323,54756,CASTGAGEGPFF,HPVGEADYFEY,3,STGAGEGP,399
1324,54757,CASSARTGELFF,HPVGEADYFEY,3,SSARTGEL,773
1325,54758,CAISDPRDSYEQYF,YPLHEQHGM,3,SDPRDSYE,606
1326,54759,CAISTGDSNQPQHF,EPLPQGQLTAY,3,STGDSNQP,438
1327,54760,CAISEWDSPTLNSPLHF,EPLPQGQLTAY,3,WDSPTLNS,18
1328,54761,CATGTGDSNQPQHF,EPLPQGQLTAY,3,GTGDSNQP,231
1329,54762,CASSRDFYAYNEQFF,EPLPQGQLTAY,3,RDFYAYNE,42
1330,54763,CASKRTATYEQYF,EPLPQGQLTAY,3,KRTATYEQ,334
1331,54764,CSVGTGGTNEKLFF,GLCTLVAML,3,GTGGTNEK,472
1332,54766,CASSEDGMNTEAFF,CLGGLLTMV,3,SEDGMNTE,813
1333,54767,CASSYQGGNYGYTF,FLYALALLL,3,SYQGGNYG,418
1334,54768,CASSKQGGNIQYF,FLYALALLL,3,SKQGGNIQ,188
1335,54769,CAWSVPLGRREKLFF,YVLDHLIVV,3,VPLGRREK,738
1336,56795,CASSIDLTSGVYNEQFF,YERMCNIL,3,DLTSGVYN,682
1337,56796,CASSIDYPSGVQETQYF,YERMCNIL,3,DYPSGVQE,102
1338,56797,CASSTDLATGAYEQYF,YERMCNIL,3,TDLATGAY,732
1339,56798,CASSIDLASGTTYEQYF,YERMCNIL,3,DLASGTTY,159
1340,56799,CASSEGSLGGGLETQYF,YERMCNIL,3,GSLGGGLE,286
1341,56800,CASMGRDINQPQHF,YERMCNIL,3,MGRDINQP,427
1342,56801,CASSQDPGGTEAFF,YERMCNIL,3,SQDPGGTE,139
1343,56802,CASSQDFAGGSYEQYF,YERMCNIL,3,QDFAGGSY,638
1344,56803,CASSLEAVSIHGYTF,YERMCNIL,3,LEAVSIHG,4
1345,56804,CASSQDKTTGELFF,YERMCNIL,3,SQDKTTGE,238
1346,56805,CASSWGLEVNTEAFF,YERMCNIL,3,WGLEVNTE,276
1347,56806,CASSYGLEANTEAFF,YERMCNIL,3,YGLEANTE,195
1348,56807,CASSQDRGTGAYGYTF,YERMCNIL,3,QDRGTGAY,431
1349,56808,CASSQDRASGEYEQYF,YERMCNIL,3,QDRASGEY,758
1350,56809,CASSPSMRSGLAEAFF,YERMCNIL,3,PSMRSGLA,331
1351,56810,CASSWDRGTGEQYF,YERMCNIL,3,SWDRGTGE,643
1352,56811,CASSQDLASGTYNEQFF,YERMCNIL,3,DLASGTYN,768
1353,56812,CASSPSMRSGLAEAFF,YERMCNIL,3,PSMRSGLA,331
1354,56813,CASSIDLAGGSYEQYF,YERMCNIL,3,IDLAGGSY,29
1355,56814,CAISEEGQGRDEQFF,EEIEITTHF,3,EEGQGRDE,299
1356,56815,CASSLGTGGGYTF,EEIEITTHF,3,SLGTGGGY,533
1357,56816,CASSQVLVGETQYF,EEIEITTHF,3,SQVLVGET,448
1358,56817,CASSSSGGGAGDTQYF,EEIEITTHF,3,SSGGGAGD,421
1359,56818,CSASPERGTSVGTDTQYF,EEIEITTHF,3,ERGTSVGT,642
1360,56819,CASSIVERAEAFF,EEIEITTHF,3,SIVERAEA,406
1361,56820,CASSLLTGGTDTQYF,EEIEITTHF,3,LLTGGTDT,437
1362,56821,CASSWVPPGQGRTGELFF,EEIEITTHF,3,VPPGQGRT,240
1363,56822,CASSWVPPGQGRTGELFF,EEIEITTHF,3,VPPGQGRT,240
1364,56823,CASSDSDGSGELFF,QEIRTFSF,3,SDSDGSGE,779
1365,56824,CSARDRQASSYNEQFF,QEIRTFSF,3,DRQASSYN,534
1366,56825,CASSFLQGEKLFF,QEIRTFSF,3,SFLQGEKL,62
1367,56826,CASSLRPDPPYNEQFF,QEIRTFSF,3,LRPDPPYN,210
1368,56827,CASSPPGREDTEAFF,QEIRTFSF,3,PPGREDTE,213
1369,56828,CASSPSEGLNTEAFF,QEIRTFSF,3,PSEGLNTE,424
1370,56829,CSARDGQGSSPLHF,QEIRTFSF,3,RDGQGSSP,364
1371,56830,CSANDRTSGSNYNEQFF,QEIRTFSF,3,RTSGSNYN,14
1372,56831,CATSRDRGWSNQPQHF,QEIRTFSF,3,RDRGWSNQ,809
1373,56832,CASSQAGSLENSPLPLL,QEIRTFSF,3,AGSLENSP,82
1374,56833,CASSTGRYYEQYF,QEIRTFSF,3,STGRYYEQ,591
1375,56834,CASSKGLAVDYTQYF,QEIRTFSF,3,KGLAVDYT,458
1376,56835,CASRLVSGTDTQYF,QEIRTFSF,3,RLVSGTDT,719
1377,56836,CASSFLATNEKLFF,QEIRTFSF,3,SFLATNEK,223
1378,56837,CSASLERMNTGELFF,QEIRTFSF,3,LERMNTGE,225
1379,56838,CASRRTGVVEKLFF,TEVETYVL,3,RRTGVVEK,355
1380,56839,CASRRTGVVEKLFF,TEVETYVL,3,RRTGVVEK,355
1381,56840,CAISAPRGERDEQYF,TEVETYVL,3,APRGERDE,391
1382,56841,CASSQGPQVRGADTQYF,TEVETYVL,3,GPQVRGAD,387
1383,56842,CASSLSWGPGNTIYF,TEVETYVL,3,LSWGPGNT,382
1384,56843,CASSPTPGDPHYGYTF,TEVETYVL,3,PTPGDPHY,585
1385,56844,CASRSAGHQETQYF,TEVETYVL,3,RSAGHQET,566
1386,56845,CASRSAGHQETQYF,TEVETYVL,3,RSAGHQET,566
1387,57053,CASSFGVSYEQYF,RGYVYQGL,3,SFGVSYEQ,584
1388,57054,CASSFHISYEQYF,RGYVYQGL,3,SFHISYEQ,621
1389,57055,CASSFGVNSDYTF,RGYVYQGL,3,SFGVNSDY,796
1390,57058,CASSFGVNSDYTF,RGYVYQGL,3,SFGVNSDY,796
1391,57061,CASSFGVSYEQYF,RGYVYQGL,3,SFGVSYEQ,584
1392,57066,CASSFGVSYEQYF,RGYVYQGL,3,SFGVSYEQ,584
1393,57067,CASSFGVNSDYTF,RGYVYQGL,3,SFGVNSDY,796
1394,57071,CASSPGTGVEQYF,RGYVYQGL,3,SPGTGVEQ,28
1395,57072,CASSFGVSYEQYF,RGYVYQGL,3,SFGVSYEQ,584
1396,57074,CASSFGVNSDYTF,RGYVYQGL,3,SFGVNSDY,796
1397,57075,CASSFHISYEQYF,RGYVYQGL,3,SFHISYEQ,621
1398,57076,CASSFRDSGNTLYF,RGYVYKGL,3,SFRDSGNT,810
1399,57078,CASSFRDSGNTLYF,RGYVYKGL,3,SFRDSGNT,810
1400,57079,CASSLRDGSNQAPLF,RGYVYKGL,3,LRDGSNQA,218
1401,57094,CASSLSRASGNTLYF,RGYVYDGL,3,LSRASGNT,191
1402,57096,CASSLSRALNNQAPLF,RGYVYDGL,3,LSRALNNQ,101
1403,57097,CASSSGVGTEVFF,IGYVYQGL,3,SSGVGTEV,90
1404,57101,CASSSGVGTEVFF,IGYVYQGL,3,SSGVGTEV,90
1405,57104,CASSSGVGTEVFF,KGYVYQGL,3,SSGVGTEV,90
1406,57112,CASSSGVGTEVFF,KGYVYQGL,3,SSGVGTEV,90
1407,57113,CASSFGVNSDYTF,KGYVYQGL,3,SFGVNSDY,796
1408,57117,CASSLGQAYEQYF,FLRGRAYGL,3,SLGQAYEQ,731
1409,57119,CASSLGQAYEQYF,FLRGRAYGL,3,SLGQAYEQ,731
1410,57120,CASSLGQAYEQYF,FLRGRAYGL,3,SLGQAYEQ,731
1411,57122,CASKVGAGGLYEQYF,TPRVTGGGAM,3,VGAGGLYE,319
1412,57123,CASMGNSAGANVLTF,NLVPMVATV,3,GNSAGANV,200
1413,57124,CASRGQGFSYEQYF,NLVPMVATV,3,RGQGFSYE,144
1414,57125,CASSFLGLNEQFF,NLVPMVATV,3,SFLGLNEQ,578
1415,57126,CASSFRDYGNYEQYF,TPRVTGGGAM,3,FRDYGNYE,189
1416,57127,CASSIGPALNTEAFF,TPRVTGGGAM,3,IGPALNTE,43
1417,57128,CASSLDIPSYNEQFF,NLVPMVATV,3,LDIPSYNE,108
1418,57129,CASSLGGNLYEQYF,EFFWDANDIY,3,SLGGNLYE,650
1419,57130,CASSLHDRGSRTEAFF,TPRVTGGGAM,3,LHDRGSRT,635
1420,57131,CASSLIGVSSYNEQFF,TPRVTGGGAM,3,LIGVSSYN,392
1421,57132,CASSPARNTEAFF,RPHERNGFTV,3,SPARNTEA,587
1422,57133,CASSPHRNTEAFF,RPHERNGFTV,3,SPHRNTEA,695
1423,57134,CASSPSRNTEAFF,RPHERNGFTV,3,SPSRNTEA,499
1424,57135,CASSQAALAGFGYEQYF,RPHERNGFTV,3,AALAGFGY,811
1425,57136,CASSSANYGYTF,NLVPMVATV,3,SSSANYGY,555
1426,57137,CASSSHDRQGASSPLHF,TPRVTGGGAM,3,HDRQGASS,354
1427,57138,CASSSHDTGGYNSPLHF,TPRVTGGGAM,3,HDTGGYNS,297
1428,57139,CASSSVNEQFF,NLVPMVATV,3,SSSVNEQF,532
1429,57140,CASSSVSEAFF,NLVPMVATV,3,SSSVSEAF,362
1430,57141,CASSYQTGTGNYGYTF,NLVPMVATV,3,YQTGTGNY,308
1431,57142,CASSYSGHVYEQYF,NLVPMVATV,3,SYSGHVYE,87
