method,params,accuracy,recall,f1_score
spectral,{'n_clusters': 199},0.7101222187402069,0.7101222187402069,0.6677992416978391
spectral,{'n_clusters': 190},0.7041679724224381,0.7041679724224381,0.6614710980817097
spectral,{'n_clusters': 180},0.701974302726418,0.701974302726418,0.6536313532640675
spectral,{'n_clusters': 170},0.6960200564086493,0.6960200564086493,0.6476657142421618
spectral,{'n_clusters': 165},0.7022876841115637,0.7022876841115637,0.6565124256789405
spectral,{'n_clusters': 160},0.6935130053274835,0.6935130053274835,0.6435273652978905
spectral,{'n_clusters': 150},0.6900658100908806,0.6900658100908806,0.6485394601594948
spectral,{'n_clusters': 100},0.6508931369476653,0.6508931369476653,0.591032993586389
spectral,{'n_clusters': 200},0.7176433719837042,0.7176433719837042,0.674270392644761
spectral,{'n_clusters': 50},0.6295832027577561,0.6295832027577561,0.5730732157085613
kmeans,{'n_clusters': 199},0.7182701347539956,0.7182701347539956,0.6782148952595018
kmeans,{'n_clusters': 190},0.711062362895644,0.711062362895644,0.6698853661537331
kmeans,{'n_clusters': 180},0.7129426512065183,0.7129426512065183,0.6704046791014658
kmeans,{'n_clusters': 170},0.7098088373550611,0.7098088373550611,0.6656598747078544
kmeans,{'n_clusters': 165},0.6944531494829207,0.6944531494829207,0.6521681485734138
kmeans,{'n_clusters': 160},0.6960200564086493,0.6960200564086493,0.6528288949525693
kmeans,{'n_clusters': 150},0.6910059542463177,0.6910059542463177,0.645687246203363
kmeans,{'n_clusters': 100},0.6615481040426199,0.6615481040426199,0.6081272255495473
kmeans,{'n_clusters': 200},0.7229708555311815,0.7229708555311815,0.6838783669644054
kmeans,{'n_clusters': 50},0.6317768724537762,0.6317768724537762,0.5675303430442051
