id,cluster
CASSLDSSGGNEQYF,2
CASSLDSSSGNTIYF,2
CASIDSSGNTLYF,2
CASSLVSSGANVLTF,2
CASSDSGEAGELFF,0
CASSSQGAAGELFF,0
CASSLELAAWETQYF,2
CASSVELAGTYEQYF,2
CASSSRHEGEDTEAFF,2
CASSRDLGRDTQYF,2
CASSLIGVSSYNEQFF,3
CASSITLSSYNEQFF,3
CASSLAVLSSYNEQFF,3
CASSVATSGGSQQFF,2
CASSQAGQGNSPLHF,2
CASSLKIGEQFF,4
CASSLVGGEQYF,4
CASSARTGELFF,4
CASSPVTGGIYGYTF,2
CASSPSTGTIYGYTF,2
CASSYPGGGFYEQYF,2
CASSWGQGSNYGYTF,2
CSANDRTSGSNYNEQFF,2
CASNGQGDTEAFF,2
CASSFGQSSTYGYTF,2
CASSLGQGLLYGYTF,2
CASSQVLVGETQYF,2
CASSLGALGETQYF,2
CASSVLAGDTQYF,2
CASSQTQLWETQYF,2
CASSWVPPGQGRTGELFF,2
CASSPAGQGGYEQYF,2
CASSQGPQVRGADTQYF,2
CASGGQGRAEQFF,2
CASSDDRGPYEQYF,1
CASSYDRGPREGYTF,1
CASAQIGPYEQYF,1
CASRIWDGGASTDTQYF,2
CSVGGSGGADTQYF,2
CASSYWDRTTSGNTIYF,2
CASSIGQGKSSYEQYF,2
CTCSAAPDWGASAETLYF,2
CASSDAGGRNTLYF,4
CASSQEGGGETQYF,4
CASSPGGGMNTEAFF,4
CASSLVGGRHGYTF,4
CASSAGLDAEQYF,0
CASSLGIDAIYF,0
CASSQGQDTEAFF,0
CASSSRTGDQETQYF,2
CASSIFGQREQYF,2
CASSDLNSPLHF,2
CASSDGGSPQFF,2
CASSGTHNEQFF,4
CASSIGQYEQYF,4
CASSRANYEQYF,4
CASSRGHPLQFF,4
CASSQWGGQPQHF,1
CASSLYGGQPQHF,1
CASSDGDYEQYF,4
CASSQGSYEQYF,4
CASSQARDRGNGYTF,3
CASSVRSTGELFF,3
CASSPGTFRYTF,3
CASSSGIYGYTF,3
CASSLSRASGNTLYF,0
CASSSRASYEQYF,0
CASSLSWGPGNTIYF,0
CTCSAGLGYEQYF,2
CASTLAGVGYEQFF,2
CASSLGAANYNEQFF,2
CASSLGQTNYGYTF,2
CASSPTDRGNTGELFF,1
CASSPGDRGKTNEQFF,1
CASSPYPRGGTGELFF,1
CASSFDRGTGNTIYF,1
CASSFGQRDRGYWRNTEAFF,1
CASSPHPGTSGGASYNEQFF,2
CASILGTSGREPYEQYF,2
CASSLGGAGGADTQYF,2
CASSLGGNLYEQYF,1
CASSLPGTAYEQYF,1
CASSLVGGPSVQFF,4
CASSLLGGWSEAFF,4
CASSVAGTPSYEQYF,4
CASSYLNRDSALDF,4
CSAGTGSANTEAFF,2
CASSRTSATGELFF,2
CASRGLSNTGELFF,2
CASSIVRGQRETKNIQYF,2
CASSLEGRREGETQYF,2
CASGGLGGDEQYF,2
CASSANPGDSSNEKLFF,2
CASSLGQGKSSYEQYF,2
CASSQDRDTQYF,2
CASSQDRHTEAFF,2
CASSLLTDTQYF,2
CASSLQVWNEQFF,0
CASSLGLENEQFF,0
CASSYAQGNEQFF,4
CASSFLQGEKLFF,4
CASSVEGQGDTEAFF,2
CASSLEIQGSGAFF,2
CASSSHERQGQNSPLHF,2
CASTQGSTDTQYF,2
CSAPFPGQGDYGYTF,2
CASSLASRVGSPLHF,3
CASSLADRVNTEAFF,3
CSVEGLGRAVTQYF,2
CASSEGLGGALYGYTF,2
CASSDRDRGGNQPQHF,1
CASRQEGRPMNTEAFF,4
CASSEGLWQVGDEQYF,2
CSASPERGTSVGTDTQYF,2
CASSIVAGAGAGELFF,2
CASSTILGPGANVLTF,2
CASRTLAGPNTGELFF,2
CASSQGLAGEVYTGELFF,2
CSAEGLAGGKNTGELFF,2
CASGAPGTPYNEQFF,2
CASSFARTRWEQYF,4
CASSEARRYNEQFF,4
CASSFLGTGVEQYF,4
CASSITLGTGGVEQYF,1
CASSFTLGTGGVEQYF,1
CASSTTPGTGTETQYF,1
CASSQDRASGEYEQYF,2
CASSQDLASGTYNEQFF,2
CASSAGTSGEYEQYF,2
CASSHGASTDTQYF,3
CASTRESTDTQYF,3
CASSIRSTDTQYF,3
CAAGTRTDTQYF,0
CASRGTGGGSGQPQHF,0
CASSVRSTDTQYF,3
CASSHWDRETSGNTIYF,2
CASSSGQAYEQYF,0
CASSPTSGIYEQYF,2
CASSSPHRDSYSPLHF,0
CAISDPRDSYEQYF,0
CASSLREMGGKAEAFF,2
CASSPRGRGGREDTQYF,2
CASSLQRGRTDTQYF,1
CASSLLTGGTDTQYF,1
CAISAPRGERDEQYF,1
CASSHLDRGKKDYEQYF,1
CASSLGFLGPAAGNTIYF,2
CASKVGAGGLYEQYF,2
CASRVGTGNLYEQYF,2
CASRPRRDNEQFF,0
CASGLGGSNEQFF,0
CSARGADTQYF,2
CASSFGADTQYF,2
CASSFFGAQQVDGYTF,4
CASSFRALAADTQYF,4
CATSATGLRNQPQHF,4
CASSLYGAGNSPLHF,4
CSVGGAYEQYF,4
CASSNRGLGTDTQYF,4
CASTNRQEGQETQYF,1
CASMGRDINQPQHF,1
CASSYASNQPQHF,1
CASSLYSNQPQHF,1
CAISTGDSNQPQHF,1
CSARDLRLLANTGELFF,2
CASSLRQALRNEQFF,2
CASGLTGFMDEQYF,3
CASRGLQGRIDYNEQFF,3
CSVVQGAECTF,3
CASSLAQGGETQYF,3
CASSWGQGKSSYEQYF,2
CASSIVERAEAFF,1
CASSSIAGRGEKLFF,1
CASSQDPGSSYNEQFF,0
CASSSSGSSYNEQFF,0
CASSLTGPGDQPQHF,1
CASSLRGRGDQPQHF,1
CAISESGTGFEQYF,4
CASSEDGMNTEAFF,4
CASSLYGNQPQHF,1
CSAVGLAGVRSYEQYF,3
CASGDFWGDTLYF,2
CASGQGNFDIQYF,2
CASSSRAAYEQYF,0
CASSPSRVLYEQYF,0
CASSIIPDMNTEAFF,2
CASSMIPDMNTEAFF,2
CASSNIPDMNTEAFF,2
CASSVIPDMNTEAFF,2
CASSFRDSGNTLYF,2
CASSLNGRADTQYF,1
CASSPPGREDTEAFF,1
CASSFIGGTDTQYF,1
CASSQWGRPQETQYF,1
CASSESGAGELFF,2
CASSFQGFTEAFF,2
CASSSAYYGYTF,3
CASSSANYGYTF,3
CASSSAFYGYTF,3
CASLEGYAAGELFF,2
CASSVEGGGAKETQYF,2
CASSPHQEVTEAFF,2
CASSQQETYEQYF,2
CASSLGFGRDVMRF,1
CASSLGEGRVDGYTF,1
CASSTGQGEGLYSNQPQHF,4
CASSQGFGANVLTF,4
CAGRGRPNEKLFF,2
CSVGTGGTNEKLFF,2
CASRRTGVVEKLFF,2
CSAKRNRAYHYGYTF,2
CWSFAGSYYVF,3
CASSYSIRGSRGEQFF,3
CASSLAQQGLAEAFF,2
CASLAGVRTDTQYF,3
CASSVAIWRGSYNEQFF,3
CASSMSAMGTEAFF,4
CASSVAPGSEGEAFF,3
CASSVAPGSDTQYF,3
CASSFDPGSYGYTF,3
CASTSRAGFNEQFF,4
CAIDRVGTGELFF,4
CASGSGLAGNEQFF,4
CASSARSTGGFGANVLTF,4
CSILGSNAGPQETQYF,4
CASSNYPGGARTDTQYF,1
CASSIYPGQLYNSPLHF,1
CASSLVLSSPTYEQYF,2
CASSVAVSAGTYEQYF,2
CASSLRDGYTGELFF,2
CASSLGQAYEQYF,0
CASSQAGQAGELFF,0
CASSQLEQGGETQYF,0
CASSLYGSVQNEQFF,3
CASSLYGSSYNEQFF,3
CASSLNWSQDTQYF,3
CSAPGGGGTSYEQYF,1
CASSDSRANTGELFF,3
CASSQDRLTGGYTF,3
CASSLESWGRAYNEQFF,1
CASSLGDRGRGYGYTF,1
CASSFRQGEAFF,4
CASSMGANEQFF,4
CASSFGVNSDYTF,4
CAWVPGTGGRAAFF,4
CASGGGGTLYF,4
CASSVDPTGGGRQETQYF,4
CAISEYPPTGRKADTQYF,4
CASPGLAGEYEQYF,1
CASRPGLAGGRPEQYF,1
CASSLSASGGATDTQYF,2
CASGDASGGNTLYF,2
CASSFTWTSGGATDTQYF,2
CASTPRGRGLVYGYTF,2
CASSRGTGEGYEQYF,2
CASSYSTGTHLEQYF,2
CASSYSGTNQPQHF,2
CASSQEGTGSYEQYF,4
CASTGAGEGPFF,2
CASSSGGWGGGTEAFF,2
CASSFGQGSSPLHF,1
CASSLGQGNSPLHF,1
CASSPSRNTEAFF,2
CASSPHRNTEAFF,3
CASSPDRGYEQFF,2
CASSPSREGYTF,2
CASSLSFGTEAFF,2
CASSPDIEQYF,2
CASSSSYEQYF,2
CASSPEETQYF,2
CASSWSFGTEAFF,2
CSGGQDYNEQFF,1
CSAGGWDRVNQPQHF,1
CSARDRYNEQFF,1
CASSWSASYEQYF,3
CASSFHISYEQYF,3
CASSPTSGSVYEQFF,2
CASSHGAAAGETEAFF,2
CASSQAALAGFGYEQYF,2
CSARGEAITEKLFF,2
CASSLSRGWTEAFF,1
CASSWDRGTGEQYF,1
CASSQDLFTGGYTF,3
CASSSHDRDGGYSPLHF,3
CASTGSYGYTF,3
CASSTGSYGYTF,3
CASSSPPSGGGYEQFF,2
CASSVDSGLGYGYTF,2
CSATPSGYGYTF,2
CASSLDLYGYTF,2
CASSPSDYGYTF,2
CASSYQGGNYGYTF,2
CASSDRLENNEKLFF,3
CASSDRGMNTEAFF,3
CASSDRDVTGELFF,3
CASSYGLEANTEAFF,2
CASSWGLEVNTEAFF,2
CASSIGPALNTEAFF,2
CASSLGTGGGYTF,1
CASSLYRGIGLFF,1
CASSLTGGGELFF,1
CASSLGREYGYTF,1
CASSLASPGHFTGELFF,3
CASSLDPGDTGELFF,3
CASSLLGVSYYNEQFF,2
CASSLAGTSGYTYEQYF,2
CASSYLGNTGELFF,4
CASSYVGNTGELFF,2
CASSLAGFTGELFF,4
CASSPGGVYGYTF,1
CASSQVGTVYGYTF,1
CASSPTGVGEQFF,1
CASSYGSYEQYF,4
CASSPGSTEAFF,4
CAISGQGASYEQYF,0
CASSLQGASGYTF,1
CASSLYGADTQYF,1
CASSPPGLPGYTF,1
CASAPRRDRGTDTQYF,2
CASSRRTSGGTDTQYF,2
CASSEGSLGGGLETQYF,2
CASVQGGSGGRGSYEQYF,2
CASSQERGDNTKNTQYF,3
CASSATGSNTGELFF,3
CASSGRGSYNEQFF,2
CASSYRGSGNTIYF,2
CASSRTGSTYEQYF,2
CASSTIGPYGELFF,2
CATSDSAGYNEQFF,3
CASSSTGLPYGYTF,3
CASSFGVSYEQYF,3
CASTREGLNTGELFF,2
CASSFLFRDGTYEQYF,2
CASSDALQETQYF,0
CASSQALPYEQYF,0
CASSPDYDQETQYF,0
CASSHRTGGETQYF,4
CASSPREGGETQYF,4
CASSARGGGNNEQFF,4
CASKRNTGELFF,4
CSARDRQASSYNEQFF,3
CASGRIAGELFF,4
CASRPGWMAGGVELYF,4
CASSLYPGANTEAFF,2
CSARDLTSGANNEQFF,2
CASSLFAGAETQYF,2
CASSFQGIRVEAFF,4
CASSPGTGVEQYF,4
CAISVSGTRVYNEQFF,1
CASNPSAGTLYNEQFF,1
CASSFFGNQPQHF,1
CASSLKAGNQPQHF,1
CASSQDFGRTQYF,2
CASSQDFAGGSYEQYF,3
CASSFRFTDTQYF,3
CATSDLRRTDTQYF,3
CASSFRGGKTQYF,3
CASSHERDRDTGELFF,2
CASREGDINTGELFF,2
CATGTGDSNQPQHF,1
CASSTGDSNQPQHF,1
CASGTGDSNQPQHF,1
CASSFGREQYF,2
CASSMGGEQYF,2
CASSLGRGQFF,2
CASSVRYEQYF,2
CASSGSSGGRTDTQYF,2
CSVEEGVLYEQYF,2
CSAREGVNTEAFF,2
CASSIVGGMNTEAFF,4
CASSQGVGENTEAFF,4
CASSPYGGPGNTIYF,4
CASSLNPGRSDSPLHF,2
CASSLGHGRSSYEQYF,2
CASTQSPLAGNEQYF,2
CASSLDSQSSGNTIYF,2
CASSAETQYF,2
CASSQETQYF,2
CASSYNEQFF,2
CASSRLAGGMDEQFF,1
CASSGLAGGMDEQFF,1
CASSELAGGGDTQYF,1
CASSPREAGGISGYTF,1
CASSTDLATGAYEQYF,3
CASSIDLAGGSYEQYF,3
CASSFSPTAQGLEQYF,0
CASSSPGASTYEQYF,0
CASSPGQGVYEQYF,2
CASSGVGSGRPNSYNEQFF,2
CASSPGGELFF,2
CASSYTGELFF,2
CASSDPGTEAFF,2
CASDSNTEAFF,2
CASSQPSQGGRLEQYF,2
CASSLVGTGELFF,1
CASSLVGATAFF,1
CASSLGREETQYF,1
CASSKGSVAPGELFF,2
CASSEGQVSPGELFF,2
CASSKGLAVDYTQYF,2
CASSYSGTGDYGYTF,2
CASSYQTGAAYGYTF,2
CASSYWQGELFF,4
CASSYRSSYEQYF,3
CASSPGYGSSGNTIYF,3
CASSLEREGRGEQFF,1
CSASLERMNTGELFF,1
CASSLGTGELFF,4
CASSFGTGEAFF,4
CASSLGHTEVFF,4
CASSHQTGELFF,4
CASSPLRGVYYNEQFF,4
CASSLEGGYYNEQFF,4
CASSPGLTYPGELFF,2
CASSQGLAGAGELFF,2
CASSLGGDIQYF,2
CASSSLTGSGQPQHF,2
CASSLIRTWDEQYF,4
CASSLGGTGWTEAFF,4
CASSPLTGTGVYGYTF,4
CASSYNIAGELFF,1
CASSFNMATGQYF,1
CASSTWSQNTGELFF,2
CASTNSGNTIYF,2
CAWSVSVGAGVPTIYF,1
CASSVGGISPLHF,1
CASSPTLVTSGNTIYF,3
CASSQNSVGSYNEQFF,3
CASSLEGQGASEQFF,2
CASSDGIGQGASGYTF,2
CAISEEGQGRDEQFF,2
CASSSHDRQGASSPLHF,2
CASSIDLTSGVYNEQFF,2
CASSIDLASGTTYEQYF,2
CASSFQGYTEAFF,2
CASSEETGNQPQHF,1
CAISEVGVGQPQHF,1
CASSFLATNEKLFF,1
CASSIVAGGYNEQFF,1
CASSPPGPTGRGWYDTF,2
CASSPPGRGNTGELFF,2
CATSRDRGWSNQPQHF,4
CASSHRDRGISGANVLTF,4
CASSSIPDFNTEAFF,2
CASSFLGLNEQFF,2
CASSQIRETQYF,1
CASSLERETQYF,1
CASSLIGNEQFF,1
CASRGQGFSYEQYF,0
CASRRQGTVYEQYF,0
CASTAQGFSNQPQHF,0
CASSLSRLAGDYTGELFF,2
CASSLAGDYEQYF,2
CASYWGLAVNEQFF,4
CASMARTSGDNEQFF,2
CASSFLMTSGDPYEQYF,2
CASSLMTNQPQHF,1
CASSVGGAQPQHF,1
CASSYSGHVYEQYF,1
CASSIDGTAYEQYF,1
CASSVEVGTGDNEQFF,1
CSANPEGPYEQYF,1
CASSLRPDPPYNEQFF,1
CAISESRSRVTDTQYF,2
CATSDSTSGGTDTQYF,2
CASSFQTGASYGYTF,2
CASSYQTGASYGYTF,2
CASSPKTGASYGYTF,2
CASSIQQGADTQYF,2
CASSYQTGTGNYGYTF,4
CASSPQTGVGNYGYTF,4
CASSNVPDMNTEAFF,2
CASSMVPDMNTEAFF,2
CATSTVPDYNSPLHF,2
CAWSVPLGRREKLFF,3
CASSLPPRNTEAFF,3
CASSYQGTEAFF,4
CASSLMGNTEAFF,1
CASSLIYPGELFF,1
CASSQVRGRGEQYF,1
CASSDAPGQLYF,1
CASSPASGSLFF,1
CASSLAQGQPQHF,1
CASSPRTSFETQYF,2
CASSQTTSVNTEAFF,2
CASTGGGALGTEAFF,2
CASSMGTVYLNTEAFF,2
CATSDLLAGGKTGELFF,3
CSVVDYGYTF,3
CASSVASGTDTQYF,3
CASSSSPRGDTQYF,2
CASSLHDRGSRTEAFF,1
CASGQGALADTQYF,2
CATSRDGAGLVNQPQHF,2
CASSPSELAGGRLDTQYF,1
CAISELVTGDSPLHF,1
CASSINRDLLNGYTF,2
CASRPRDPVTQYF,2
CATSEGNEQFF,1
CATSALGDTQYF,2
CSGDRSSDTQYF,2
CASSMRSADTQYF,3
CASSIRSEDTQYF,3
CASSIRSAHEQFF,3
CASSLRLVAGRSYNEQFF,3
CASRLVSGTDTQYF,3
CASSADSYGANVLTF,1
CASSEDSGGYNEQFF,1
CASSQSSGGGRSEAFF,2
CASSQAQGMGNSPLHF,2
CASLPTGTNTGELFF,2
CASSVERGRNTGELFF,2
CASSLVTGTGKYGYTF,2
CASSLLGGAGTGELFF,2
CASSEPIGTGGNQPQHF,2
CASSLIGRDEQFF,1
CASSSPGGVSTEAFF,1
CASSNFLGQGDEKLFF,2
CASSRGQGPGQETQYF,2
CSARDRVGNTIYF,1
CSARDGTGNGYTF,1
CTCSADRVGNTLYF,1
CASSYQSGNTEAFF,2
CASSLGRASNQPQHF,2
CASSLYRGSNQPQHF,2
CASSSLPGGGVDTQYF,1
CASSVTGTEADEQFF,1
CASSLWKGAGYTF,1
CASSEFRTRGYTF,1
CASSSGATEAFF,4
CASSSLNTEAFF,4
CASRARVLDEQFF,3
CASSVRASDEQYF,3
CATSSGDLSSGANVLTF,2
CASSQDRGTGAYGYTF,2
CASGLLTSGSINEQFF,2
CASRLMPGSTYEQYF,2
CASSPSQTSGGRTDTQYF,2
CASREDGASGSPDTQYF,2
CASSIDYPSGVQETQYF,2
CATTPGASGISEQFF,2
CASSPTPGDPHYGYTF,2
CASSLGEKLFF,2
CASSAGNTIYF,2
CASRMTGGKTNEKLFF,1
CASSPLDVSISSYNEQFF,2
CASSASAEFSSYEQYF,2
CASSPAPSASSYEQYF,2
CASSEGDTEAFF,4
CASSRGDTEAFF,4
CASSIRRIDPYNEQFF,2
CASRYRDDSYNEQFF,2
CASKMRGDVYEQYF,2
CASSRDLNEQFF,4
CASREGLGGTEAFF,2
CASRVGAGNTEAFF,2
CASSLAGAGNEQFF,2
CASSVDSGSTNEQFF,2
CASSLNNANSDYTF,4
CASSIDAGSNYEQYF,3
CASSIRASYEQYF,3
CASSIRSSYEQYF,3
CASSLSRALNNQAPLF,4
CASSLWSAGVHNEQFF,3
CASSRQESYGYTF,3
CSANPRDESYNEQFF,3
CASSHGTGYNQPQHF,4
CASSPRDRARGDEQYF,1
CASSSRDRGLGTEAFF,1
CASSSSWADTQYF,2
CASSTRGGGDAKNIQYF,0
CSARGGSYNSPLHF,1
CASPGETEAFF,2
CASSRTSPTDTQYF,3
CASSRSLTDTQYF,3
CASSPADPFSNTQYF,3
CASSSGGLSEQYF,1
CASSVEAGPNEQYF,1
CASSLWQGGQPQHF,1
CASSQARDPQGILHF,2
CSAADRGLGETQYF,2
CASSRDRTGRANYGYTF,2
CASSQDRGLAGGTYNEQFF,2
CSARDRGGENTGELFF,2
CASGDAWGYEQYF,4
CASSMGGTYEQYF,3
CASSTGRYYEQYF,3
CASSEGYIYEQYF,3
CASSMGGNPEQYF,3
CASSPSWGEVNTEAFF,1
CASSYSKMTAYNSPLHF,1
CASSSRSSYEQYF,0
CASSSFYDSNEKLFF,3
CASSIRSTGELFF,3
CASSLGTSFRTDTQYF,2
CASSQQTGTIGGYTF,1
CASSSHDTGGYNSPLHF,1
CASSSRGSGGASSYEQYF,2
CASSPGTSGVGEQFF,2
CASSPPGTSGGRNEQFF,2
CASSPSSVADTQYF,2
CASVSGQGVSPLHF,1
CSARDGQGSSPLHF,2
CASSQDRDRGPDEKLFF,2
CASRSAGHQETQYF,1
CSARDHGGDYGYTF,1
CASSYTVQPYNEQFF,3
CASSSQGWGRVYSEQFF,4
CASRPGLMSAQPEQYF,1
CASSLNSGLYNEQFF,2
CASSWRTGNSGELFF,2
CASSSGVGTEVFF,0
CATSIDRGREKLFF,1
CASTEPRGTEAFF,3
CASSVVGYLGYTF,1
CASSVAGLGGNTIYF,2
CASSHTSGNGDTQYF,2
CASSLRDGSNQAPLF,2
CSARLPRDYSNQPQHF,2
CASSIVGGNEQFF,1
CASSKQGGNIQYF,1
CASSIGHNTGELFF,2
CASMGNSAGANVLTF,2
CAAWDDSLNGWVF,2
CASRGGRVAGADTEAFF,2
CAWGTLATEQYF,2
CASSLEAVSIHGYTF,0
CAISGQAVSTDTQYF,0
CASSDSDGSGELFF,2
CASSLSQGDQPQHF,2
CASSLSQGIQNIQYF,2
CASSDTVSYEQYF,0
CASSDWVSYEQYF,0
CASSPVGGDYGYTF,1
CASSQARTAYEQYF,1
CASSIALSDNYGYTF,3
CASSLWLNEQFF,1
CASSLAPGTTNEKLFF,1
CASSFRDYGNYEQYF,2
CASSRDFYAYNEQFF,1
CSANSRTGLGYTF,1
CASTSVRDRLEKLFF,3
CASTGGLGYTF,3
CASNRGDGYTF,3
CASSTGNYGYTF,3
CASSLALGVAKNIQYF,1
CASSLWEKLAKNIQYF,1
CASSQERKAGGPTEAFF,4
CASSWDRAGNTLYF,1
CASSIQKAGYNEQFF,1
CASSESQTGDYEQYF,2
CASSLERDGYTF,2
CASSLEGSYEQYF,2
CASRRPGGDTEAFF,0
CSARRSDRVNTEAFF,0
CASSPSMRSGLAEAFF,4
CSVEGDTGELFF,2
CASSQERDRRAVEKLFF,2
CASSQDPGGTEAFF,1
CASSQDSGRGELFF,1
CASSQDKTTGELFF,1
CANSQPGGIEQFF,1
CASSPSGTGANEQFF,2
CASSPSEGLNTEAFF,2
CASSDSYGYTF,2
CASSLDRVSVNTEAFF,2
CASSFSGSLTTEAFF,2
CASSIAGSAYEQYF,2
CASSQVRLNTEAFF,1
CASSDNRVWTEAFF,1
CASSLETVNTEAFF,1
CASSRSLNVNSNQPQHF,3
CASSPPRSEAFF,2
CASSPRREQGDTQYF,2
CASSQIRETGSPLHF,2
CASSLAREYSPLHF,4
CASSDWGDTGQLYF,3
CASSWWDTGELFF,3
CASSVSRDRNGELFF,3
CASSHDPTWGPGNTIYF,1
CASSQDPPGRLGKLFF,1
CASKGQGARDGYTF,2
CASGDASGAETLYF,2
CASSQVAGGAGGPREYNEQFF,2
CASSLYGPGGVGQPQHF,2
CASSSGTSGSGSYNEQFF,2
CASTGSVSTDTQYF,2
CASSSLRGSNQPQHF,2
CASSLAEKANTGELFF,1
CASGWGSQPQHF,1
CASGQGQETQYF,1
CASSGRDRDLVEQYF,2
CASSESAGHKAFF,3
CASSLSAVHGYTF,3
CASSLQGIGAKNIQYF,4
CASSFQGSNEKLFF,2
CSAIDFPMGNEQFF,4
CASSPARNTEAFF,3
CASSTRRNTEAFF,3
CASRRGPYEQYF,4
CASRRGSAELYF,4
CASSVGLGFTDTQYF,2
CASSISAGVGVGQETQYF,2
CASSQGQGIADTQYF,2
CASRQENSGNTIYF,2
CSARDMASGRNEQYF,2
CASSDSTSGGNEQFF,3
CASSSWDTGELFF,3
CASSSVNEQFF,2
CAWSETGLGTGELFF,3
CAWSETGLGMGGWQF,3
CASSSETELLYYGYTF,3
CSAGVGGQETQYF,4
CASSLEVTGLNTEAFF,4
CASSPGEGMLVSEAFF,1
CASSPPRNMEPSYEQYF,1
CASNPAGGAGLGYGYTF,2
CASTYHGTGYF,2
CASSLGVEELFF,4
CASKRTATYEQYF,2
CASSGRTGNTEAFF,2
CASSPVTGGIYGYTGF,4
CASFSPRVYEQYF,1
CASSGRGFLNYGYTF,4
CASSWGGGEQYF,4
CASKMGAEAFF,1
CASSSSGGGAGDTQYF,4
CASSLNFVGLNQPQHF,2
CASSLMANQPQHF,1
CASSDPGVDRNTEAFF,2
CASRIYAGSPYEQYF,2
CASSQEVETQYF,1
CASSYRGLSGELFF,0
CASSGYTGELFF,4
CASATSGTYYEQYF,1
CASSTRSTGELFF,3
CASSMRSTGELFF,3
CASSRGTIHSNTEVFF,3
CASRENRASNTEAFF,3
CASSLRGQGFYEQFF,2
CASSQVGQNLYEQYF,2
CASSQVVAFGDTQYF,2
CASRAWGREGEKLFF,2
CASSGLAGGPVSGANVLTF,2
CASSLGTLQPQHF,1
CASSLVVMGTGFTDTQYF,2
CAIANRGTEAFF,3
CASTVNRGSEGYTF,3
CASSLSGVPHNNEQFF,2
CSVGSGGTNEKLFF,2
CASSPGLPEYF,1
CSARDSGLSHGEQFF,1
CASSEILGMNTEAFF,4
CASSVEIAGRYNEQFF,4
CASSQRQEGDTQYF,3
CASSPNPQGANMDTQYF,2
CASSQYSNQPQHF,1
CASSSPRVAGRPDTQYF,4
CASSRDSNSNQPQHF,2
CASSQHDRGFSTEAFF,2
CASGDAGGGYEQYF,2
CAGQVTNTGELFF,2
CASSARSGELFF,4
CASSVGQGKAFF,4
CASSQTRTSGRVDPDTQYF,2
CASRKLAGPTDTQYF,2
CQAGDTEAFF,2
CASSQAPSMEPNEQFF,2
CASSQAGSLENSPLPLL,2
CASSSVSEAFF,2
CASSLPAGQETQYF,2
CASSLDIPSYNEQFF,0
CASSLIGEETQYF,1
CSVWVGREQETQYF,3
CASGFTGGRNTEAFF,2
CASTHGTSGEDTQYF,2
CSVAGQGDDHTDTQYF,2
CASSPTNPAGDTETQYF,3
CASRIELPGAGELFF,2
CSVDPGHTGEKLFF,4
CASSLAYILGLGDEQFF,2
CAISEWDSPTLNSPLHF,2
CASSLVAETYEQYF,2
CSVALGSDTGELFF,2
CSARGQDIYEQYF,2
CASSTGFYGYTF,3
CASSEARQGLDTEAFF,2
CARAFESGANVLTF,2
CASSDREGGPHEQYF,4
CASSSVNVAFF,2
CASSPGQLQETQYF,2
CASSFKDTNTGELFF,2
CASSLDRPSGMAAETQYF,2
CASSVGTLYSGANVLTF,2
CSVEEGSRAQYF,2
CSARPRRSAGELFF,2
CASSTLQGADQPQHF,2
CASSIGVYGYTF,3
CSARDPAPEETQYF,2
CAISEQEDQPQHF,2
CASGTEAFF,2
CASSPPARDRDHEQYF,3
CASSIRSAWAQYF,3
CASSVFGVQRGFGTDTQYF,2
CASRTRGGTLIEQYF,2
CASSGGHTGSNEQFF,2
CAWSINSAEAFF,3
CASSVEGGGAQETQYF,2
CASSPGSSGRLGEQFF,1
CASSLASGHRPTDTQYF,2
CASTPYRRGPHLYGYTF,1
CASSTPSSYNEQFF,2
CASSLAGTGGRFSYEQYF,2
CASSSGLAGVETGELFF,2
CASSQETGSASQHF,2
CASSQETGSYEQFF,2
CASSFVSFDEQFF,3
CASSYYRLAGELFF,0
CASSVEGIDEKLFF,0
CASSQETGSYEQYF,2
