Model,based,AUC
DLpTCR,Antigen-based,0.5292
DLpTCR,Pair-based,0.6257
DLpTCR,Strict-based,0.5127
DLpTCR,TCR-based,0.634
ERGO_AE,Antigen-based,0.5194
ERGO_AE,Pair-based,0.5884
ERGO_AE,Strict-based,0.5391
ERGO_AE,TCR-based,0.6348
ERGO_LSTM,Antigen-based,0.5123
ERGO_LSTM,Pair-based,0.5948
ERGO_LSTM,Strict-based,0.5463
ERGO_LSTM,TCR-based,0.5365
HeteroTCR,Antigen-based,0.7098
HeteroTCR,Pair-based,0.7084
HeteroTCR,Strict-based,0.6611
HeteroTCR,TCR-based,0.7177
NetTCR-2.0,Antigen-based,0.5162
NetTCR-2.0,Pair-based,0.537
NetTCR-2.0,Strict-based,0.5368
NetTCR-2.0,TCR-based,0.5727
