id,kmeans,color
CASSLDSSGGNEQYF,165,#1f77b4
CASSLDSSSGNTIYF,71,#aec7e8
CASIDSSGNTLYF,15,#ff7f0e
CASSLVSSGANVLTF,165,#1f77b4
CASSDSGEAGELFF,34,#ffbb78
CASSSQGAAGELFF,34,#ffbb78
CASSLELAAWETQYF,38,#2ca02c
CASSVELAGTYEQYF,38,#2ca02c
CASSSRHEGEDTEAFF,142,#98df8a
CASSRDLGRDTQYF,142,#98df8a
CASSLIGVSSYNEQFF,45,#d62728
CASSITLSSYNEQFF,45,#d62728
CASSLAVLSSYNEQFF,45,#d62728
CASSVATSGGSQQFF,70,#ff9896
CASSQAGQGNSPLHF,70,#ff9896
CASSLKIGEQFF,3,#9467bd
CASSLVGGEQYF,3,#9467bd
CASSARTGELFF,3,#9467bd
CASSPVTGGIYGYTF,59,#c5b0d5
CASSPSTGTIYGYTF,18,#8c564b
CASSYPGGGFYEQYF,59,#c5b0d5
CASSWGQGSNYGYTF,78,#c49c94
CSANDRTSGSNYNEQFF,78,#c49c94
CASNGQGDTEAFF,78,#c49c94
CASSFGQSSTYGYTF,78,#c49c94
CASSLGQGLLYGYTF,16,#e377c2
CASSQVLVGETQYF,148,#f7b6d2
CASSLGALGETQYF,76,#7f7f7f
CASSVLAGDTQYF,148,#f7b6d2
CASSQTQLWETQYF,148,#f7b6d2
CASSWVPPGQGRTGELFF,98,#c7c7c7
CASSPAGQGGYEQYF,98,#c7c7c7
CASSQGPQVRGADTQYF,130,#bcbd22
CASGGQGRAEQFF,130,#bcbd22
CASSDDRGPYEQYF,32,#dbdb8d
CASSYDRGPREGYTF,32,#dbdb8d
CASAQIGPYEQYF,27,#17becf
CASRIWDGGASTDTQYF,111,#9edae5
CSVGGSGGADTQYF,169,#1f77b4
CASSYWDRTTSGNTIYF,170,#aec7e8
CASSIGQGKSSYEQYF,111,#9edae5
CTCSAAPDWGASAETLYF,111,#9edae5
CASSDAGGRNTLYF,84,#ff7f0e
CASSQEGGGETQYF,198,#ffbb78
CASSPGGGMNTEAFF,84,#ff7f0e
CASSLVGGRHGYTF,84,#ff7f0e
CASSAGLDAEQYF,120,#2ca02c
CASSLGIDAIYF,120,#2ca02c
CASSQGQDTEAFF,120,#2ca02c
CASSSRTGDQETQYF,173,#98df8a
CASSIFGQREQYF,173,#98df8a
CASSDLNSPLHF,100,#d62728
CASSDGGSPQFF,100,#d62728
CASSGTHNEQFF,46,#ff9896
CASSIGQYEQYF,163,#9467bd
CASSRANYEQYF,193,#c5b0d5
CASSRGHPLQFF,46,#ff9896
CASSQWGGQPQHF,194,#8c564b
CASSLYGGQPQHF,194,#8c564b
CASSDGDYEQYF,163,#9467bd
CASSQGSYEQYF,163,#9467bd
CASSQARDRGNGYTF,151,#c49c94
CASSVRSTGELFF,151,#c49c94
CASSPGTFRYTF,197,#e377c2
CASSSGIYGYTF,197,#e377c2
CASSLSRASGNTLYF,153,#f7b6d2
CASSSRASYEQYF,153,#f7b6d2
CASSLSWGPGNTIYF,153,#f7b6d2
CTCSAGLGYEQYF,19,#7f7f7f
CASTLAGVGYEQFF,19,#7f7f7f
CASSLGAANYNEQFF,76,#7f7f7f
CASSLGQTNYGYTF,37,#c7c7c7
CASSPTDRGNTGELFF,93,#bcbd22
CASSPGDRGKTNEQFF,140,#dbdb8d
CASSPYPRGGTGELFF,145,#17becf
CASSFDRGTGNTIYF,188,#9edae5
CASSFGQRDRGYWRNTEAFF,93,#bcbd22
CASSPHPGTSGGASYNEQFF,13,#1f77b4
CASILGTSGREPYEQYF,13,#1f77b4
CASSLGGAGGADTQYF,13,#1f77b4
CASSLGGNLYEQYF,67,#aec7e8
CASSLPGTAYEQYF,67,#aec7e8
CASSLVGGPSVQFF,68,#ff7f0e
CASSLLGGWSEAFF,68,#ff7f0e
CASSVAGTPSYEQYF,162,#ffbb78
CASSYLNRDSALDF,68,#ff7f0e
CSAGTGSANTEAFF,113,#2ca02c
CASSRTSATGELFF,113,#2ca02c
CASRGLSNTGELFF,113,#2ca02c
CASSIVRGQRETKNIQYF,106,#98df8a
CASSLEGRREGETQYF,106,#98df8a
CASGGLGGDEQYF,130,#bcbd22
CASSANPGDSSNEKLFF,77,#d62728
CASSLGQGKSSYEQYF,77,#d62728
CASSQDRDTQYF,4,#ff9896
CASSQDRHTEAFF,4,#ff9896
CASSLLTDTQYF,4,#ff9896
CASSLQVWNEQFF,55,#9467bd
CASSLGLENEQFF,55,#9467bd
CASSYAQGNEQFF,135,#c5b0d5
CASSFLQGEKLFF,135,#c5b0d5
CASSVEGQGDTEAFF,11,#8c564b
CASSLEIQGSGAFF,11,#8c564b
CASSSHERQGQNSPLHF,11,#8c564b
CASTQGSTDTQYF,109,#c49c94
CSAPFPGQGDYGYTF,11,#8c564b
CASSLASRVGSPLHF,117,#e377c2
CASSLADRVNTEAFF,117,#e377c2
CSVEGLGRAVTQYF,169,#1f77b4
CASSEGLGGALYGYTF,169,#1f77b4
CASSDRDRGGNQPQHF,9,#f7b6d2
CASRQEGRPMNTEAFF,84,#ff7f0e
CASSEGLWQVGDEQYF,186,#7f7f7f
CSASPERGTSVGTDTQYF,186,#7f7f7f
CASSIVAGAGAGELFF,91,#c7c7c7
CASSTILGPGANVLTF,91,#c7c7c7
CASRTLAGPNTGELFF,14,#bcbd22
CASSQGLAGEVYTGELFF,14,#bcbd22
CSAEGLAGGKNTGELFF,14,#bcbd22
CASGAPGTPYNEQFF,14,#bcbd22
CASSFARTRWEQYF,58,#dbdb8d
CASSEARRYNEQFF,58,#dbdb8d
CASSFLGTGVEQYF,58,#dbdb8d
CASSITLGTGGVEQYF,35,#17becf
CASSFTLGTGGVEQYF,35,#17becf
CASSTTPGTGTETQYF,35,#17becf
CASSQDRASGEYEQYF,8,#9edae5
CASSQDLASGTYNEQFF,72,#1f77b4
CASSAGTSGEYEQYF,8,#9edae5
CASSHGASTDTQYF,64,#aec7e8
CASTRESTDTQYF,109,#c49c94
CASSIRSTDTQYF,64,#aec7e8
CAAGTRTDTQYF,102,#ff7f0e
CASRGTGGGSGQPQHF,102,#ff7f0e
CASSVRSTDTQYF,64,#aec7e8
CASSHWDRETSGNTIYF,170,#aec7e8
CASSSGQAYEQYF,34,#ffbb78
CASSPTSGIYEQYF,113,#2ca02c
CASSSPHRDSYSPLHF,118,#ffbb78
CAISDPRDSYEQYF,118,#ffbb78
CASSLREMGGKAEAFF,137,#2ca02c
CASSPRGRGGREDTQYF,137,#2ca02c
CASSLQRGRTDTQYF,123,#98df8a
CASSLLTGGTDTQYF,185,#d62728
CAISAPRGERDEQYF,123,#98df8a
CASSHLDRGKKDYEQYF,123,#98df8a
CASSLGFLGPAAGNTIYF,91,#c7c7c7
CASKVGAGGLYEQYF,22,#ff9896
CASRVGTGNLYEQYF,22,#ff9896
CASRPRRDNEQFF,89,#9467bd
CASGLGGSNEQFF,89,#9467bd
CSARGADTQYF,100,#d62728
CASSFGADTQYF,100,#d62728
CASSFFGAQQVDGYTF,103,#c5b0d5
CASSFRALAADTQYF,103,#c5b0d5
CATSATGLRNQPQHF,103,#c5b0d5
CASSLYGAGNSPLHF,191,#8c564b
CSVGGAYEQYF,10,#c49c94
CASSNRGLGTDTQYF,103,#c5b0d5
CASTNRQEGQETQYF,23,#e377c2
CASMGRDINQPQHF,23,#e377c2
CASSYASNQPQHF,158,#f7b6d2
CASSLYSNQPQHF,158,#f7b6d2
CAISTGDSNQPQHF,23,#e377c2
CSARDLRLLANTGELFF,181,#7f7f7f
CASSLRQALRNEQFF,181,#7f7f7f
CASGLTGFMDEQYF,133,#c7c7c7
CASRGLQGRIDYNEQFF,133,#c7c7c7
CSVVQGAECTF,117,#e377c2
CASSLAQGGETQYF,117,#e377c2
CASSWGQGKSSYEQYF,111,#9edae5
CASSIVERAEAFF,101,#bcbd22
CASSSIAGRGEKLFF,101,#bcbd22
CASSQDPGSSYNEQFF,118,#ffbb78
CASSSSGSSYNEQFF,118,#ffbb78
CASSLTGPGDQPQHF,36,#dbdb8d
CASSLRGRGDQPQHF,36,#dbdb8d
CAISESGTGFEQYF,58,#dbdb8d
CASSEDGMNTEAFF,139,#17becf
CASSLYGNQPQHF,61,#9edae5
CSAVGLAGVRSYEQYF,133,#c7c7c7
CASGDFWGDTLYF,142,#98df8a
CASGQGNFDIQYF,109,#c49c94
CASSSRAAYEQYF,34,#ffbb78
CASSPSRVLYEQYF,34,#ffbb78
CASSIIPDMNTEAFF,87,#1f77b4
CASSMIPDMNTEAFF,87,#1f77b4
CASSNIPDMNTEAFF,87,#1f77b4
CASSVIPDMNTEAFF,192,#aec7e8
CASSFRDSGNTLYF,87,#1f77b4
CASSLNGRADTQYF,36,#dbdb8d
CASSPPGREDTEAFF,136,#ff7f0e
CASSFIGGTDTQYF,36,#dbdb8d
CASSQWGRPQETQYF,36,#dbdb8d
CASSESGAGELFF,28,#ffbb78
CASSFQGFTEAFF,28,#ffbb78
CASSSAYYGYTF,146,#2ca02c
CASSSANYGYTF,146,#2ca02c
CASSSAFYGYTF,6,#98df8a
CASLEGYAAGELFF,175,#d62728
CASSVEGGGAKETQYF,175,#d62728
CASSPHQEVTEAFF,99,#ff9896
CASSQQETYEQYF,99,#ff9896
CASSLGFGRDVMRF,54,#9467bd
CASSLGEGRVDGYTF,54,#9467bd
CASSTGQGEGLYSNQPQHF,25,#c5b0d5
CASSQGFGANVLTF,25,#c5b0d5
CAGRGRPNEKLFF,95,#8c564b
CSVGTGGTNEKLFF,95,#8c564b
CASRRTGVVEKLFF,95,#8c564b
CSAKRNRAYHYGYTF,95,#8c564b
CWSFAGSYYVF,172,#c49c94
CASSYSIRGSRGEQFF,172,#c49c94
CASSLAQQGLAEAFF,165,#1f77b4
CASLAGVRTDTQYF,112,#e377c2
CASSVAIWRGSYNEQFF,112,#e377c2
CASSMSAMGTEAFF,139,#17becf
CASSVAPGSEGEAFF,184,#f7b6d2
CASSVAPGSDTQYF,90,#7f7f7f
CASSFDPGSYGYTF,184,#f7b6d2
CASTSRAGFNEQFF,164,#c7c7c7
CAIDRVGTGELFF,164,#c7c7c7
CASGSGLAGNEQFF,40,#bcbd22
CASSARSTGGFGANVLTF,164,#c7c7c7
CSILGSNAGPQETQYF,164,#c7c7c7
CASSNYPGGARTDTQYF,145,#17becf
CASSIYPGQLYNSPLHF,145,#17becf
CASSLVLSSPTYEQYF,38,#2ca02c
CASSVAVSAGTYEQYF,38,#2ca02c
CASSLRDGYTGELFF,37,#c7c7c7
CASSLGQAYEQYF,171,#dbdb8d
CASSQAGQAGELFF,171,#dbdb8d
CASSQLEQGGETQYF,171,#dbdb8d
CASSLYGSVQNEQFF,168,#17becf
CASSLYGSSYNEQFF,168,#17becf
CASSLNWSQDTQYF,168,#17becf
CSAPGGGGTSYEQYF,36,#dbdb8d
CASSDSRANTGELFF,6,#98df8a
CASSQDRLTGGYTF,6,#98df8a
CASSLESWGRAYNEQFF,140,#dbdb8d
CASSLGDRGRGYGYTF,140,#dbdb8d
CASSFRQGEAFF,135,#c5b0d5
CASSMGANEQFF,105,#9edae5
CASSFGVNSDYTF,105,#9edae5
CAWVPGTGGRAAFF,62,#1f77b4
CASGGGGTLYF,62,#1f77b4
CASSVDPTGGGRQETQYF,62,#1f77b4
CAISEYPPTGRKADTQYF,62,#1f77b4
CASPGLAGEYEQYF,94,#aec7e8
CASRPGLAGGRPEQYF,94,#aec7e8
CASSLSASGGATDTQYF,138,#ff7f0e
CASGDASGGNTLYF,138,#ff7f0e
CASSFTWTSGGATDTQYF,66,#ffbb78
CASTPRGRGLVYGYTF,137,#2ca02c
CASSRGTGEGYEQYF,12,#2ca02c
CASSYSTGTHLEQYF,47,#98df8a
CASSYSGTNQPQHF,47,#98df8a
CASSQEGTGSYEQYF,162,#ffbb78
CASTGAGEGPFF,12,#2ca02c
CASSSGGWGGGTEAFF,12,#2ca02c
CASSFGQGSSPLHF,29,#d62728
CASSLGQGNSPLHF,29,#d62728
CASSPSRNTEAFF,125,#ff9896
CASSPHRNTEAFF,125,#ff9896
CASSPDRGYEQFF,99,#ff9896
CASSPSREGYTF,86,#9467bd
CASSLSFGTEAFF,83,#c5b0d5
CASSPDIEQYF,134,#8c564b
CASSSSYEQYF,134,#8c564b
CASSPEETQYF,134,#8c564b
CASSWSFGTEAFF,83,#c5b0d5
CSGGQDYNEQFF,9,#f7b6d2
CSAGGWDRVNQPQHF,9,#f7b6d2
CSARDRYNEQFF,9,#f7b6d2
CASSWSASYEQYF,33,#c49c94
CASSFHISYEQYF,33,#c49c94
CASSPTSGSVYEQFF,143,#e377c2
CASSHGAAAGETEAFF,124,#f7b6d2
CASSQAALAGFGYEQYF,124,#f7b6d2
CSARGEAITEKLFF,124,#f7b6d2
CASSLSRGWTEAFF,32,#dbdb8d
CASSWDRGTGEQYF,32,#dbdb8d
CASSQDLFTGGYTF,6,#98df8a
CASSSHDRDGGYSPLHF,6,#98df8a
CASTGSYGYTF,154,#7f7f7f
CASSTGSYGYTF,154,#7f7f7f
CASSSPPSGGGYEQFF,156,#c7c7c7
CASSVDSGLGYGYTF,156,#c7c7c7
CSATPSGYGYTF,156,#c7c7c7
CASSLDLYGYTF,86,#9467bd
CASSPSDYGYTF,86,#9467bd
CASSYQGGNYGYTF,59,#c5b0d5
CASSDRLENNEKLFF,75,#bcbd22
CASSDRGMNTEAFF,75,#bcbd22
CASSDRDVTGELFF,75,#bcbd22
CASSYGLEANTEAFF,53,#dbdb8d
CASSWGLEVNTEAFF,53,#dbdb8d
CASSIGPALNTEAFF,53,#dbdb8d
CASSLGTGGGYTF,57,#17becf
CASSLYRGIGLFF,57,#17becf
CASSLTGGGELFF,185,#d62728
CASSLGREYGYTF,57,#17becf
CASSLASPGHFTGELFF,108,#9edae5
CASSLDPGDTGELFF,108,#9edae5
CASSLLGVSYYNEQFF,186,#7f7f7f
CASSLAGTSGYTYEQYF,186,#7f7f7f
CASSYLGNTGELFF,58,#dbdb8d
CASSYVGNTGELFF,12,#2ca02c
CASSLAGFTGELFF,19,#7f7f7f
CASSPGGVYGYTF,2,#1f77b4
CASSQVGTVYGYTF,67,#aec7e8
CASSPTGVGEQFF,2,#1f77b4
CASSYGSYEQYF,163,#9467bd
CASSPGSTEAFF,50,#aec7e8
CAISGQGASYEQYF,89,#9467bd
CASSLQGASGYTF,24,#ff7f0e
CASSLYGADTQYF,136,#ff7f0e
CASSPPGLPGYTF,24,#ff7f0e
CASAPRRDRGTDTQYF,92,#ffbb78
CASSRRTSGGTDTQYF,92,#ffbb78
CASSEGSLGGGLETQYF,21,#2ca02c
CASVQGGSGGRGSYEQYF,21,#2ca02c
CASSQERGDNTKNTQYF,41,#98df8a
CASSATGSNTGELFF,41,#98df8a
CASSGRGSYNEQFF,177,#d62728
CASSYRGSGNTIYF,177,#d62728
CASSRTGSTYEQYF,49,#ff9896
CASSTIGPYGELFF,177,#d62728
CATSDSAGYNEQFF,146,#2ca02c
CASSSTGLPYGYTF,33,#c49c94
CASSFGVSYEQYF,33,#c49c94
CASTREGLNTGELFF,128,#9467bd
CASSFLFRDGTYEQYF,14,#bcbd22
CASSDALQETQYF,115,#c5b0d5
CASSQALPYEQYF,115,#c5b0d5
CASSPDYDQETQYF,115,#c5b0d5
CASSHRTGGETQYF,5,#8c564b
CASSPREGGETQYF,179,#c49c94
CASSARGGGNNEQFF,5,#8c564b
CASKRNTGELFF,152,#e377c2
CSARDRQASSYNEQFF,45,#d62728
CASGRIAGELFF,152,#e377c2
CASRPGWMAGGVELYF,152,#e377c2
CASSLYPGANTEAFF,53,#dbdb8d
CSARDLTSGANNEQFF,53,#dbdb8d
CASSLFAGAETQYF,53,#dbdb8d
CASSFQGIRVEAFF,58,#dbdb8d
CASSPGTGVEQYF,58,#dbdb8d
CAISVSGTRVYNEQFF,96,#f7b6d2
CASNPSAGTLYNEQFF,96,#f7b6d2
CASSFFGNQPQHF,61,#9edae5
CASSLKAGNQPQHF,149,#7f7f7f
CASSQDFGRTQYF,83,#c5b0d5
CASSQDFAGGSYEQYF,112,#e377c2
CASSFRFTDTQYF,64,#aec7e8
CATSDLRRTDTQYF,26,#c7c7c7
CASSFRGGKTQYF,64,#aec7e8
CASSHERDRDTGELFF,159,#bcbd22
CASREGDINTGELFF,159,#bcbd22
CATGTGDSNQPQHF,23,#e377c2
CASSTGDSNQPQHF,23,#e377c2
CASGTGDSNQPQHF,23,#e377c2
CASSFGREQYF,160,#dbdb8d
CASSMGGEQYF,1,#17becf
CASSLGRGQFF,160,#dbdb8d
CASSVRYEQYF,160,#dbdb8d
CASSGSSGGRTDTQYF,88,#9edae5
CSVEEGVLYEQYF,128,#9467bd
CSAREGVNTEAFF,128,#9467bd
CASSIVGGMNTEAFF,65,#1f77b4
CASSQGVGENTEAFF,25,#c5b0d5
CASSPYGGPGNTIYF,84,#ff7f0e
CASSLNPGRSDSPLHF,77,#d62728
CASSLGHGRSSYEQYF,77,#d62728
CASTQSPLAGNEQYF,71,#aec7e8
CASSLDSQSSGNTIYF,71,#aec7e8
CASSAETQYF,176,#aec7e8
CASSQETQYF,176,#aec7e8
CASSYNEQFF,176,#aec7e8
CASSRLAGGMDEQFF,155,#ff7f0e
CASSGLAGGMDEQFF,94,#aec7e8
CASSELAGGGDTQYF,155,#ff7f0e
CASSPREAGGISGYTF,43,#ffbb78
CASSTDLATGAYEQYF,112,#e377c2
CASSIDLAGGSYEQYF,112,#e377c2
CASSFSPTAQGLEQYF,153,#f7b6d2
CASSSPGASTYEQYF,153,#f7b6d2
CASSPGQGVYEQYF,113,#2ca02c
CASSGVGSGRPNSYNEQFF,21,#2ca02c
CASSPGGELFF,52,#2ca02c
CASSYTGELFF,1,#17becf
CASSDPGTEAFF,50,#aec7e8
CASDSNTEAFF,52,#2ca02c
CASSQPSQGGRLEQYF,52,#2ca02c
CASSLVGTGELFF,101,#bcbd22
CASSLVGATAFF,101,#bcbd22
CASSLGREETQYF,81,#98df8a
CASSKGSVAPGELFF,141,#d62728
CASSEGQVSPGELFF,141,#d62728
CASSKGLAVDYTQYF,141,#d62728
CASSYSGTGDYGYTF,47,#98df8a
CASSYQTGAAYGYTF,59,#c5b0d5
CASSYWQGELFF,135,#c5b0d5
CASSYRSSYEQYF,168,#17becf
CASSPGYGSSGNTIYF,168,#17becf
CASSLEREGRGEQFF,110,#ff9896
CSASLERMNTGELFF,110,#ff9896
CASSLGTGELFF,198,#ffbb78
CASSFGTGEAFF,198,#ffbb78
CASSLGHTEVFF,55,#9467bd
CASSHQTGELFF,189,#9467bd
CASSPLRGVYYNEQFF,107,#c5b0d5
CASSLEGGYYNEQFF,107,#c5b0d5
CASSPGLTYPGELFF,195,#8c564b
CASSQGLAGAGELFF,195,#8c564b
CASSLGGDIQYF,100,#d62728
CASSSLTGSGQPQHF,100,#d62728
CASSLIRTWDEQYF,68,#ff7f0e
CASSLGGTGWTEAFF,122,#c49c94
CASSPLTGTGVYGYTF,122,#c49c94
CASSYNIAGELFF,2,#1f77b4
CASSFNMATGQYF,2,#1f77b4
CASSTWSQNTGELFF,144,#e377c2
CASTNSGNTIYF,144,#e377c2
CAWSVSVGAGVPTIYF,79,#f7b6d2
CASSVGGISPLHF,79,#f7b6d2
CASSPTLVTSGNTIYF,51,#7f7f7f
CASSQNSVGSYNEQFF,51,#7f7f7f
CASSLEGQGASEQFF,191,#8c564b
CASSDGIGQGASGYTF,191,#8c564b
CAISEEGQGRDEQFF,39,#c7c7c7
CASSSHDRQGASSPLHF,191,#8c564b
CASSIDLTSGVYNEQFF,72,#1f77b4
CASSIDLASGTTYEQYF,72,#1f77b4
CASSFQGYTEAFF,28,#ffbb78
CASSEETGNQPQHF,149,#7f7f7f
CAISEVGVGQPQHF,149,#7f7f7f
CASSFLATNEKLFF,97,#bcbd22
CASSIVAGGYNEQFF,97,#bcbd22
CASSPPGPTGRGWYDTF,60,#dbdb8d
CASSPPGRGNTGELFF,60,#dbdb8d
CATSRDRGWSNQPQHF,164,#c7c7c7
CASSHRDRGISGANVLTF,164,#c7c7c7
CASSSIPDFNTEAFF,192,#aec7e8
CASSFLGLNEQFF,173,#98df8a
CASSQIRETQYF,81,#98df8a
CASSLERETQYF,180,#17becf
CASSLIGNEQFF,81,#98df8a
CASRGQGFSYEQYF,0,#9edae5
CASRRQGTVYEQYF,0,#9edae5
CASTAQGFSNQPQHF,0,#9edae5
CASSLSRLAGDYTGELFF,4,#ff9896
CASSLAGDYEQYF,4,#ff9896
CASYWGLAVNEQFF,40,#bcbd22
CASMARTSGDNEQFF,42,#1f77b4
CASSFLMTSGDPYEQYF,42,#1f77b4
CASSLMTNQPQHF,167,#aec7e8
CASSVGGAQPQHF,79,#f7b6d2
CASSYSGHVYEQYF,104,#ff7f0e
CASSIDGTAYEQYF,104,#ff7f0e
CASSVEVGTGDNEQFF,149,#7f7f7f
CSANPEGPYEQYF,27,#17becf
CASSLRPDPPYNEQFF,27,#17becf
CAISESRSRVTDTQYF,178,#ffbb78
CATSDSTSGGTDTQYF,178,#ffbb78
CASSFQTGASYGYTF,69,#2ca02c
CASSYQTGASYGYTF,59,#c5b0d5
CASSPKTGASYGYTF,69,#2ca02c
CASSIQQGADTQYF,69,#2ca02c
CASSYQTGTGNYGYTF,122,#c49c94
CASSPQTGVGNYGYTF,122,#c49c94
CASSNVPDMNTEAFF,126,#98df8a
CASSMVPDMNTEAFF,126,#98df8a
CATSTVPDYNSPLHF,126,#98df8a
CAWSVPLGRREKLFF,182,#d62728
CASSLPPRNTEAFF,182,#d62728
CASSYQGTEAFF,189,#9467bd
CASSLMGNTEAFF,185,#d62728
CASSLIYPGELFF,185,#d62728
CASSQVRGRGEQYF,48,#ff9896
CASSDAPGQLYF,167,#aec7e8
CASSPASGSLFF,42,#1f77b4
CASSLAQGQPQHF,167,#aec7e8
CASSPRTSFETQYF,8,#9edae5
CASSQTTSVNTEAFF,8,#9edae5
CASTGGGALGTEAFF,82,#9467bd
CASSMGTVYLNTEAFF,82,#9467bd
CATSDLLAGGKTGELFF,117,#e377c2
CSVVDYGYTF,117,#e377c2
CASSVASGTDTQYF,90,#7f7f7f
CASSSSPRGDTQYF,26,#c7c7c7
CASSLHDRGSRTEAFF,32,#dbdb8d
CASGQGALADTQYF,187,#c5b0d5
CATSRDGAGLVNQPQHF,187,#c5b0d5
CASSPSELAGGRLDTQYF,155,#ff7f0e
CAISELVTGDSPLHF,155,#ff7f0e
CASSINRDLLNGYTF,157,#8c564b
CASRPRDPVTQYF,157,#8c564b
CATSEGNEQFF,9,#f7b6d2
CATSALGDTQYF,174,#c49c94
CSGDRSSDTQYF,174,#c49c94
CASSMRSADTQYF,74,#e377c2
CASSIRSEDTQYF,74,#e377c2
CASSIRSAHEQFF,74,#e377c2
CASSLRLVAGRSYNEQFF,20,#f7b6d2
CASRLVSGTDTQYF,20,#f7b6d2
CASSADSYGANVLTF,129,#7f7f7f
CASSEDSGGYNEQFF,129,#7f7f7f
CASSQSSGGGRSEAFF,88,#9edae5
CASSQAQGMGNSPLHF,88,#9edae5
CASLPTGTNTGELFF,60,#dbdb8d
CASSVERGRNTGELFF,60,#dbdb8d
CASSLVTGTGKYGYTF,60,#dbdb8d
CASSLLGGAGTGELFF,60,#dbdb8d
CASSEPIGTGGNQPQHF,60,#dbdb8d
CASSLIGRDEQFF,136,#ff7f0e
CASSSPGGVSTEAFF,136,#ff7f0e
CASSNFLGQGDEKLFF,166,#c7c7c7
CASSRGQGPGQETQYF,166,#c7c7c7
CSARDRVGNTIYF,56,#bcbd22
CSARDGTGNGYTF,56,#bcbd22
CTCSADRVGNTLYF,56,#bcbd22
CASSYQSGNTEAFF,144,#e377c2
CASSLGRASNQPQHF,44,#dbdb8d
CASSLYRGSNQPQHF,44,#dbdb8d
CASSSLPGGGVDTQYF,54,#9467bd
CASSVTGTEADEQFF,54,#9467bd
CASSLWKGAGYTF,57,#17becf
CASSEFRTRGYTF,57,#17becf
CASSSGATEAFF,50,#aec7e8
CASSSLNTEAFF,50,#aec7e8
CASRARVLDEQFF,132,#17becf
CASSVRASDEQYF,132,#17becf
CATSSGDLSSGANVLTF,71,#aec7e8
CASSQDRGTGAYGYTF,122,#c49c94
CASGLLTSGSINEQFF,17,#9edae5
CASRLMPGSTYEQYF,17,#9edae5
CASSPSQTSGGRTDTQYF,113,#2ca02c
CASREDGASGSPDTQYF,42,#1f77b4
CASSIDYPSGVQETQYF,42,#1f77b4
CATTPGASGISEQFF,42,#1f77b4
CASSPTPGDPHYGYTF,157,#8c564b
CASSLGEKLFF,160,#dbdb8d
CASSAGNTIYF,160,#dbdb8d
CASRMTGGKTNEKLFF,35,#17becf
CASSPLDVSISSYNEQFF,143,#e377c2
CASSASAEFSSYEQYF,143,#e377c2
CASSPAPSASSYEQYF,143,#e377c2
CASSEGDTEAFF,135,#c5b0d5
CASSRGDTEAFF,135,#c5b0d5
CASSIRRIDPYNEQFF,150,#1f77b4
CASRYRDDSYNEQFF,150,#1f77b4
CASKMRGDVYEQYF,150,#1f77b4
CASSRDLNEQFF,193,#c5b0d5
CASREGLGGTEAFF,159,#bcbd22
CASRVGAGNTEAFF,22,#ff9896
CASSLAGAGNEQFF,19,#7f7f7f
CASSVDSGSTNEQFF,196,#aec7e8
CASSLNNANSDYTF,105,#9edae5
CASSIDAGSNYEQYF,184,#f7b6d2
CASSIRASYEQYF,132,#17becf
CASSIRSSYEQYF,7,#ff7f0e
CASSLSRALNNQAPLF,193,#c5b0d5
CASSLWSAGVHNEQFF,51,#7f7f7f
CASSRQESYGYTF,33,#c49c94
CSANPRDESYNEQFF,33,#c49c94
CASSHGTGYNQPQHF,10,#c49c94
CASSPRDRARGDEQYF,9,#f7b6d2
CASSSRDRGLGTEAFF,188,#9edae5
CASSSSWADTQYF,26,#c7c7c7
CASSTRGGGDAKNIQYF,102,#ff7f0e
CSARGGSYNSPLHF,23,#e377c2
CASPGETEAFF,1,#17becf
CASSRTSPTDTQYF,199,#ffbb78
CASSRSLTDTQYF,161,#2ca02c
CASSPADPFSNTQYF,90,#7f7f7f
CASSSGGLSEQYF,136,#ff7f0e
CASSVEAGPNEQYF,27,#17becf
CASSLWQGGQPQHF,29,#d62728
CASSQARDPQGILHF,11,#8c564b
CSAADRGLGETQYF,122,#c49c94
CASSRDRTGRANYGYTF,22,#ff9896
CASSQDRGLAGGTYNEQFF,12,#2ca02c
CSARDRGGENTGELFF,12,#2ca02c
CASGDAWGYEQYF,139,#17becf
CASSMGGTYEQYF,119,#98df8a
CASSTGRYYEQYF,31,#d62728
CASSEGYIYEQYF,119,#98df8a
CASSMGGNPEQYF,119,#98df8a
CASSPSWGEVNTEAFF,96,#f7b6d2
CASSYSKMTAYNSPLHF,96,#f7b6d2
CASSSRSSYEQYF,7,#ff7f0e
CASSSFYDSNEKLFF,7,#ff7f0e
CASSIRSTGELFF,7,#ff7f0e
CASSLGTSFRTDTQYF,92,#ffbb78
CASSQQTGTIGGYTF,18,#8c564b
CASSSHDTGGYNSPLHF,129,#7f7f7f
CASSSRGSGGASSYEQYF,21,#2ca02c
CASSPGTSGVGEQFF,183,#ff9896
CASSPPGTSGGRNEQFF,183,#ff9896
CASSPSSVADTQYF,26,#c7c7c7
CASVSGQGVSPLHF,29,#d62728
CSARDGQGSSPLHF,29,#d62728
CASSQDRDRGPDEKLFF,178,#ffbb78
CASRSAGHQETQYF,127,#9467bd
CSARDHGGDYGYTF,127,#9467bd
CASSYTVQPYNEQFF,45,#d62728
CASSSQGWGRVYSEQFF,25,#c5b0d5
CASRPGLMSAQPEQYF,158,#f7b6d2
CASSLNSGLYNEQFF,181,#7f7f7f
CASSWRTGNSGELFF,69,#2ca02c
CASSSGVGTEVFF,34,#ffbb78
CATSIDRGREKLFF,188,#9edae5
CASTEPRGTEAFF,182,#d62728
CASSVVGYLGYTF,57,#17becf
CASSVAGLGGNTIYF,98,#c7c7c7
CASSHTSGNGDTQYF,63,#c5b0d5
CASSLRDGSNQAPLF,44,#dbdb8d
CSARLPRDYSNQPQHF,44,#dbdb8d
CASSIVGGNEQFF,173,#98df8a
CASSKQGGNIQYF,173,#98df8a
CASSIGHNTGELFF,12,#2ca02c
CASMGNSAGANVLTF,66,#ffbb78
CAAWDDSLNGWVF,15,#ff7f0e
CASRGGRVAGADTEAFF,13,#1f77b4
CAWGTLATEQYF,13,#1f77b4
CASSLEAVSIHGYTF,89,#9467bd
CAISGQAVSTDTQYF,89,#9467bd
CASSDSDGSGELFF,196,#aec7e8
CASSLSQGDQPQHF,147,#8c564b
CASSLSQGIQNIQYF,147,#8c564b
CASSDTVSYEQYF,115,#c5b0d5
CASSDWVSYEQYF,115,#c5b0d5
CASSPVGGDYGYTF,127,#9467bd
CASSQARTAYEQYF,67,#aec7e8
CASSIALSDNYGYTF,45,#d62728
CASSLWLNEQFF,81,#98df8a
CASSLAPGTTNEKLFF,35,#17becf
CASSFRDYGNYEQYF,37,#c7c7c7
CASSRDFYAYNEQFF,104,#ff7f0e
CSANSRTGLGYTF,56,#bcbd22
CASTSVRDRLEKLFF,151,#c49c94
CASTGGLGYTF,31,#d62728
CASNRGDGYTF,31,#d62728
CASSTGNYGYTF,31,#d62728
CASSLALGVAKNIQYF,110,#ff9896
CASSLWEKLAKNIQYF,110,#ff9896
CASSQERKAGGPTEAFF,103,#c5b0d5
CASSWDRAGNTLYF,97,#bcbd22
CASSIQKAGYNEQFF,97,#bcbd22
CASSESQTGDYEQYF,147,#8c564b
CASSLERDGYTF,85,#c49c94
CASSLEGSYEQYF,85,#c49c94
CASRRPGGDTEAFF,102,#ff7f0e
CSARRSDRVNTEAFF,0,#9edae5
CASSPSMRSGLAEAFF,135,#c5b0d5
CSVEGDTGELFF,114,#e377c2
CASSQERDRRAVEKLFF,114,#e377c2
CASSQDPGGTEAFF,121,#f7b6d2
CASSQDSGRGELFF,121,#f7b6d2
CASSQDKTTGELFF,121,#f7b6d2
CANSQPGGIEQFF,121,#f7b6d2
CASSPSGTGANEQFF,131,#7f7f7f
CASSPSEGLNTEAFF,18,#8c564b
CASSDSYGYTF,86,#9467bd
CASSLDRVSVNTEAFF,8,#9edae5
CASSFSGSLTTEAFF,49,#ff9896
CASSIAGSAYEQYF,49,#ff9896
CASSQVRLNTEAFF,48,#ff9896
CASSDNRVWTEAFF,48,#ff9896
CASSLETVNTEAFF,48,#ff9896
CASSRSLNVNSNQPQHF,133,#c7c7c7
CASSPPRSEAFF,50,#aec7e8
CASSPRREQGDTQYF,70,#ff9896
CASSQIRETGSPLHF,70,#ff9896
CASSLAREYSPLHF,105,#9edae5
CASSDWGDTGQLYF,80,#c7c7c7
CASSWWDTGELFF,80,#c7c7c7
CASSVSRDRNGELFF,6,#98df8a
CASSHDPTWGPGNTIYF,24,#ff7f0e
CASSQDPPGRLGKLFF,24,#ff7f0e
CASKGQGARDGYTF,166,#c7c7c7
CASGDASGAETLYF,138,#ff7f0e
CASSQVAGGAGGPREYNEQFF,130,#bcbd22
CASSLYGPGGVGQPQHF,130,#bcbd22
CASSSGTSGSGSYNEQFF,109,#c49c94
CASTGSVSTDTQYF,109,#c49c94
CASSSLRGSNQPQHF,44,#dbdb8d
CASSLAEKANTGELFF,110,#ff9896
CASGWGSQPQHF,180,#17becf
CASGQGQETQYF,180,#17becf
CASSGRDRDLVEQYF,114,#e377c2
CASSESAGHKAFF,161,#2ca02c
CASSLSAVHGYTF,161,#2ca02c
CASSLQGIGAKNIQYF,25,#c5b0d5
CASSFQGSNEKLFF,109,#c49c94
CSAIDFPMGNEQFF,164,#c7c7c7
CASSPARNTEAFF,125,#ff9896
CASSTRRNTEAFF,75,#bcbd22
CASRRGPYEQYF,10,#c49c94
CASRRGSAELYF,10,#c49c94
CASSVGLGFTDTQYF,63,#c5b0d5
CASSISAGVGVGQETQYF,63,#c5b0d5
CASSQGQGIADTQYF,63,#c5b0d5
CASRQENSGNTIYF,72,#1f77b4
CSARDMASGRNEQYF,72,#1f77b4
CASSDSTSGGNEQFF,80,#c7c7c7
CASSSWDTGELFF,80,#c7c7c7
CASSSVNEQFF,52,#2ca02c
CAWSETGLGTGELFF,41,#98df8a
CAWSETGLGMGGWQF,41,#98df8a
CASSSETELLYYGYTF,41,#98df8a
CSAGVGGQETQYF,65,#1f77b4
CASSLEVTGLNTEAFF,65,#1f77b4
CASSPGEGMLVSEAFF,43,#ffbb78
CASSPPRNMEPSYEQYF,43,#ffbb78
CASNPAGGAGLGYGYTF,30,#bcbd22
CASTYHGTGYF,60,#dbdb8d
CASSLGVEELFF,55,#9467bd
CASKRTATYEQYF,49,#ff9896
CASSGRTGNTEAFF,49,#ff9896
CASSPVTGGIYGYTGF,107,#c5b0d5
CASFSPRVYEQYF,104,#ff7f0e
CASSGRGFLNYGYTF,107,#c5b0d5
CASSWGGGEQYF,198,#ffbb78
CASKMGAEAFF,96,#f7b6d2
CASSSSGGGAGDTQYF,25,#c5b0d5
CASSLNFVGLNQPQHF,63,#c5b0d5
CASSLMANQPQHF,167,#aec7e8
CASSDPGVDRNTEAFF,192,#aec7e8
CASRIYAGSPYEQYF,17,#9edae5
CASSQEVETQYF,180,#17becf
CASSYRGLSGELFF,190,#dbdb8d
CASSGYTGELFF,73,#17becf
CASATSGTYYEQYF,35,#17becf
CASSTRSTGELFF,154,#7f7f7f
CASSMRSTGELFF,80,#c7c7c7
CASSRGTIHSNTEVFF,116,#9edae5
CASRENRASNTEAFF,116,#9edae5
CASSLRGQGFYEQFF,98,#c7c7c7
CASSQVGQNLYEQYF,98,#c7c7c7
CASSQVVAFGDTQYF,70,#ff9896
CASRAWGREGEKLFF,106,#98df8a
CASSGLAGGPVSGANVLTF,30,#bcbd22
CASSLGTLQPQHF,79,#f7b6d2
CASSLVVMGTGFTDTQYF,60,#dbdb8d
CAIANRGTEAFF,172,#c49c94
CASTVNRGSEGYTF,172,#c49c94
CASSLSGVPHNNEQFF,8,#9edae5
CSVGSGGTNEKLFF,95,#8c564b
CASSPGLPEYF,24,#ff7f0e
CSARDSGLSHGEQFF,127,#9467bd
CASSEILGMNTEAFF,65,#1f77b4
CASSVEIAGRYNEQFF,65,#1f77b4
CASSQRQEGDTQYF,161,#2ca02c
CASSPNPQGANMDTQYF,69,#2ca02c
CASSQYSNQPQHF,158,#f7b6d2
CASSSPRVAGRPDTQYF,103,#c5b0d5
CASSRDSNSNQPQHF,196,#aec7e8
CASSQHDRGFSTEAFF,170,#aec7e8
CASGDAGGGYEQYF,138,#ff7f0e
CAGQVTNTGELFF,138,#ff7f0e
CASSARSGELFF,73,#17becf
CASSVGQGKAFF,135,#c5b0d5
CASSQTRTSGRVDPDTQYF,92,#ffbb78
CASRKLAGPTDTQYF,92,#ffbb78
CQAGDTEAFF,114,#e377c2
CASSQAPSMEPNEQFF,114,#e377c2
CASSQAGSLENSPLPLL,114,#e377c2
CASSSVSEAFF,52,#2ca02c
CASSLPAGQETQYF,53,#dbdb8d
CASSLDIPSYNEQFF,118,#ffbb78
CASSLIGEETQYF,81,#98df8a
CSVWVGREQETQYF,172,#c49c94
CASGFTGGRNTEAFF,14,#bcbd22
CASTHGTSGEDTQYF,42,#1f77b4
CSVAGQGDDHTDTQYF,174,#c49c94
CASSPTNPAGDTETQYF,199,#ffbb78
CASRIELPGAGELFF,91,#c7c7c7
CSVDPGHTGEKLFF,179,#c49c94
CASSLAYILGLGDEQFF,30,#bcbd22
CAISEWDSPTLNSPLHF,15,#ff7f0e
CASSLVAETYEQYF,99,#ff9896
CSVALGSDTGELFF,49,#ff9896
CSARGQDIYEQYF,49,#ff9896
CASSTGFYGYTF,197,#e377c2
CASSEARQGLDTEAFF,16,#e377c2
CARAFESGANVLTF,53,#dbdb8d
CASSDREGGPHEQYF,179,#c49c94
CASSSVNVAFF,52,#2ca02c
CASSPGQLQETQYF,148,#f7b6d2
CASSFKDTNTGELFF,37,#c7c7c7
CASSLDRPSGMAAETQYF,144,#e377c2
CASSVGTLYSGANVLTF,82,#9467bd
CSVEEGSRAQYF,39,#c7c7c7
CSARPRRSAGELFF,150,#1f77b4
CASSTLQGADQPQHF,69,#2ca02c
CASSIGVYGYTF,154,#7f7f7f
CSARDPAPEETQYF,72,#1f77b4
CAISEQEDQPQHF,29,#d62728
CASGTEAFF,131,#7f7f7f
CASSPPARDRDHEQYF,64,#aec7e8
CASSIRSAWAQYF,74,#e377c2
CASSVFGVQRGFGTDTQYF,66,#ffbb78
CASRTRGGTLIEQYF,22,#ff9896
CASSGGHTGSNEQFF,130,#bcbd22
CAWSINSAEAFF,74,#e377c2
CASSVEGGGAQETQYF,175,#d62728
CASSPGSSGRLGEQFF,24,#ff7f0e
CASSLASGHRPTDTQYF,131,#7f7f7f
CASTPYRRGPHLYGYTF,32,#dbdb8d
CASSTPSSYNEQFF,15,#ff7f0e
CASSLAGTGGRFSYEQYF,13,#1f77b4
CASSSGLAGVETGELFF,53,#dbdb8d
CASSQETGSASQHF,85,#c49c94
CASSQETGSYEQFF,85,#c49c94
CASSFVSFDEQFF,64,#aec7e8
CASSYYRLAGELFF,190,#dbdb8d
CASSVEGIDEKLFF,120,#2ca02c
CASSQETGSYEQYF,85,#c49c94
