id,color,size
CASNPAGGAGLGYGYTF,blue,1
CASSIRSAHEQFF,blue,1
CASSYAQGNEQFF,blue,1
CASSSHDRQGASSPLHF,blue,1
CASSHGAAAGETEAFF,red,1
CASSDWVSYEQYF,blue,1
CASSFDRGTGNTIYF,blue,1
CASSQERKAGGPTEAFF,blue,1
CASSANPGDSSNEKLFF,blue,1
CASSLDRPSGMAAETQYF,red,1
CASSVEGGGAQETQYF,blue,1
CASSDWGDTGQLYF,blue,1
CASSTGSYGYTF,red,1
CASSPGGVYGYTF,blue,1
CATSDSAGYNEQFF,red,1
CASSPGGGMNTEAFF,red,1
CASSLGQGKSSYEQYF,blue,1
CSAIDFPMGNEQFF,blue,1
CASSQGSYEQYF,blue,1
CASSVGGAQPQHF,blue,1
CASSLVVMGTGFTDTQYF,red,1
CSARGGSYNSPLHF,blue,1
CASGDASGGNTLYF,blue,1
CASSSLNTEAFF,blue,1
CASSLVSSGANVLTF,blue,1
CASSYRSSYEQYF,blue,1
CASSLPAGQETQYF,blue,1
CASGQGALADTQYF,blue,1
CASSTGDSNQPQHF,blue,1
CASSEDSGGYNEQFF,red,1
CASGLTGFMDEQYF,red,1
CAISELVTGDSPLHF,blue,1
CASSSGVGTEVFF,blue,1
CASSFGQRDRGYWRNTEAFF,red,1
CASSLAQQGLAEAFF,red,1
CASSFQGFTEAFF,red,1
CASSFQTGASYGYTF,red,1
CSVWVGREQETQYF,blue,1
CASSYVGNTGELFF,blue,1
CASSRGQGPGQETQYF,red,1
CASSLMANQPQHF,blue,1
CASSLRGQGFYEQFF,red,1
CASSYSGTGDYGYTF,red,1
CAWSVSVGAGVPTIYF,blue,1
CASGGLGGDEQYF,blue,1
CASSYQGTEAFF,blue,1
CASSWGQGSNYGYTF,blue,1
CASSQDPPGRLGKLFF,blue,1
CASSQDRGTGAYGYTF,blue,1
CASSQSSGGGRSEAFF,blue,1
CASSLMGNTEAFF,blue,1
CASSLGQGNSPLHF,red,1
CASSPDIEQYF,blue,1
CASSFRDSGNTLYF,blue,1
CASSLSRASGNTLYF,blue,1
CASSSPGASTYEQYF,blue,1
CASSLEVTGLNTEAFF,red,1
CASSFLGLNEQFF,red,1
CASTNRQEGQETQYF,blue,1
CASSLSQGIQNIQYF,blue,1
CASNRGDGYTF,blue,1
CSARGEAITEKLFF,blue,1
CASGTEAFF,blue,1
CASSIGPALNTEAFF,blue,1
CASSLSRALNNQAPLF,blue,1
CASSTRSTGELFF,red,1
CASSLGTSFRTDTQYF,blue,1
CASSPPGTSGGRNEQFF,red,1
CASSLSQGDQPQHF,blue,1
CASSSGIYGYTF,red,1
CASSLGEGRVDGYTF,blue,1
CASSYQTGAAYGYTF,red,1
CASSLQRGRTDTQYF,blue,1
CASSSGLAGVETGELFF,red,1
CARAFESGANVLTF,blue,1
CASGAPGTPYNEQFF,blue,1
CATSRDRGWSNQPQHF,blue,1
CASSQDRDRGPDEKLFF,blue,1
CASSQEVETQYF,blue,1
CASRRPGGDTEAFF,red,1
CASKRNTGELFF,blue,1
CASSFLQGEKLFF,blue,1
CASRPGWMAGGVELYF,blue,1
CASVSGQGVSPLHF,blue,1
CASSLGVEELFF,blue,1
CASSSSYEQYF,blue,1
CASSYWQGELFF,blue,1
CASRMTGGKTNEKLFF,blue,1
CASSEPIGTGGNQPQHF,red,1
CASMGNSAGANVLTF,red,1
CASSFTWTSGGATDTQYF,blue,1
CASSMIPDMNTEAFF,red,1
CASSFGVNSDYTF,blue,1
CASSIVAGAGAGELFF,red,1
CASSWDRAGNTLYF,blue,1
CASSLYRGIGLFF,blue,1
CWSFAGSYYVF,blue,1
CASSTRGGGDAKNIQYF,red,1
CASSSSPRGDTQYF,blue,1
CASSLSFGTEAFF,red,1
CASSFVSFDEQFF,red,1
CASSGVGSGRPNSYNEQFF,blue,1
CASSLGFLGPAAGNTIYF,red,1
CASSLPPRNTEAFF,blue,1
CAWGTLATEQYF,blue,1
CASSLHDRGSRTEAFF,blue,1
CASSFFGAQQVDGYTF,blue,1
CASSPRTSFETQYF,red,1
CASSQDRGLAGGTYNEQFF,blue,1
CASSYTVQPYNEQFF,red,1
CASSPPRSEAFF,blue,1
CASSFRFTDTQYF,blue,1
CASREGDINTGELFF,blue,1
CASSIRSTDTQYF,blue,1
CASSQDKTTGELFF,blue,1
CASSLYGADTQYF,blue,1
CATSDLLAGGKTGELFF,red,1
CASSPARNTEAFF,blue,1
CASSSIPDFNTEAFF,red,1
CASSSRSSYEQYF,blue,1
CASSPAPSASSYEQYF,blue,1
CASSSLRGSNQPQHF,blue,1
CASSYGLEANTEAFF,blue,1
CASSSPPSGGGYEQFF,blue,1
CASSPVTGGIYGYTGF,red,1
CASSLAEKANTGELFF,red,1
CASSPSREGYTF,red,1
CASSFFGNQPQHF,blue,1
CASSEGQVSPGELFF,blue,1
CASSLEGSYEQYF,blue,1
CSARRSDRVNTEAFF,blue,1
CASSLVGGRHGYTF,red,1
CASSPGTGVEQYF,blue,1
CASSLETVNTEAFF,red,1
CASFSPRVYEQYF,red,1
CASSTGQGEGLYSNQPQHF,blue,1
CASSLGALGETQYF,blue,1
CASSLYGPGGVGQPQHF,blue,1
CASSSTGLPYGYTF,blue,1
CASSYRGLSGELFF,blue,1
CASSVAGTPSYEQYF,blue,1
CASSIDLASGTTYEQYF,blue,1
CASSASAEFSSYEQYF,blue,1
CASSSGGLSEQYF,red,1
CASSLYPGANTEAFF,blue,1
CASSEDGMNTEAFF,blue,1
CASSQIRETQYF,blue,1
CASGGQGRAEQFF,blue,1
CASSSQGWGRVYSEQFF,red,1
CASSTWSQNTGELFF,blue,1
CASSQETGSYEQFF,blue,1
CASSMSAMGTEAFF,blue,1
CASSMGANEQFF,blue,1
CATSIDRGREKLFF,blue,1
CASTGAGEGPFF,blue,1
CASSLRLVAGRSYNEQFF,blue,1
CASRPGLMSAQPEQYF,blue,1
CASSQAGQGNSPLHF,blue,1
CASSLNWSQDTQYF,blue,1
CASSFDPGSYGYTF,red,1
CASSWGGGEQYF,blue,1
CASSRANYEQYF,blue,1
CASSAETQYF,blue,1
CASSLSAVHGYTF,red,1
CASSSRHEGEDTEAFF,blue,1
CASSQGQDTEAFF,blue,1
CASSQGQGIADTQYF,blue,1
CASRGLSNTGELFF,blue,1
CASRYRDDSYNEQFF,blue,1
CASSPDRGYEQFF,blue,1
CASSPGGELFF,blue,1
CASSLNSGLYNEQFF,red,1
CASRRQGTVYEQYF,red,1
CASSRDLNEQFF,blue,1
CASSEGDTEAFF,blue,1
CAISEVGVGQPQHF,blue,1
CASSLRDGSNQAPLF,blue,1
CASSLTGGGELFF,blue,1
CASSMGGEQYF,blue,1
CASSIDYPSGVQETQYF,blue,1
CAWSINSAEAFF,blue,1
CASSPADPFSNTQYF,blue,1
CASSDRLENNEKLFF,red,1
CASSPTPGDPHYGYTF,blue,1
CASSTGNYGYTF,blue,1
CASSYQTGASYGYTF,red,1
CASSLAQGGETQYF,blue,1
CASSMVPDMNTEAFF,red,1
CASSLVTGTGKYGYTF,red,1
CASSLVLSSPTYEQYF,blue,1
CASSSHDRDGGYSPLHF,blue,1
CSVVDYGYTF,red,1
CASSLERDGYTF,blue,1
CASSLEGQGASEQFF,blue,1
CAIDRVGTGELFF,red,1
CASSLGGTGWTEAFF,red,1
CAISAPRGERDEQYF,blue,1
CASSLQGASGYTF,red,1
CAWSVPLGRREKLFF,blue,1
CASSRLAGGMDEQFF,blue,1
CASSELAGGGDTQYF,red,1
CASKGQGARDGYTF,blue,1
CASSLGAANYNEQFF,red,1
CASRARVLDEQFF,blue,1
CASAQIGPYEQYF,blue,1
CASSSANYGYTF,red,1
CASSPGDRGKTNEQFF,blue,1
CASSQPSQGGRLEQYF,blue,1
CASSLGDRGRGYGYTF,blue,1
CASSPSGTGANEQFF,blue,1
CATSDSTSGGTDTQYF,blue,1
CSVEGDTGELFF,red,1
CASSIRSTGELFF,blue,1
CASSQTRTSGRVDPDTQYF,red,1
CASSIGQYEQYF,blue,1
CASSVERGRNTGELFF,blue,1
CASSMRSTGELFF,blue,1
CASSDAGGRNTLYF,blue,1
CASSPHRNTEAFF,blue,1
CASSISAGVGVGQETQYF,red,1
CASSQETGSYEQYF,blue,1
CASSQERGDNTKNTQYF,blue,1
CSVEGLGRAVTQYF,blue,1
CASYWGLAVNEQFF,blue,1
CASSNYPGGARTDTQYF,blue,1
CASSQDLASGTYNEQFF,blue,1
CASSPGTSGVGEQFF,blue,1
CASSIRSAWAQYF,blue,1
CASSARSTGGFGANVLTF,blue,1
CASSLGQAYEQYF,blue,1
CASSQVGQNLYEQYF,blue,1
CASVQGGSGGRGSYEQYF,blue,1
CASSITLGTGGVEQYF,red,1
CASSPGQGVYEQYF,blue,1
CASSPSRVLYEQYF,blue,1
CASPGLAGEYEQYF,blue,1
CASSQLEQGGETQYF,blue,1
CASSSPHRDSYSPLHF,blue,1
CSARDRVGNTIYF,blue,1
CASSHTSGNGDTQYF,red,1
CASSQDPGSSYNEQFF,blue,1
CASSPPGPTGRGWYDTF,blue,1
CASSDPGTEAFF,blue,1
CASSPNPQGANMDTQYF,blue,1
CASSFQGIRVEAFF,red,1
CASSLNGRADTQYF,red,1
CASSTGRYYEQYF,blue,1
CASSLYGGQPQHF,blue,1
CASRRTGVVEKLFF,blue,1
CASRGGRVAGADTEAFF,blue,1
CASSLSRLAGDYTGELFF,blue,1
CASSLVGGEQYF,blue,1
CASSSLTGSGQPQHF,blue,1
CASSWGLEVNTEAFF,blue,1
CASSDSRANTGELFF,blue,1
CASTQSPLAGNEQYF,blue,1
CASSQAALAGFGYEQYF,blue,1
CASSFLGTGVEQYF,blue,1
CASSVRSTGELFF,blue,1
CASSRSLTDTQYF,blue,1
CASSLYGNQPQHF,blue,1
CASSSQGAAGELFF,blue,1
CASSLDIPSYNEQFF,red,1
CASSDPGVDRNTEAFF,blue,1
CSAGGWDRVNQPQHF,blue,1
CSAGVGGQETQYF,blue,1
CSANPRDESYNEQFF,blue,1
CASSGLAGGMDEQFF,blue,1
CASTEPRGTEAFF,blue,1
CASSLRGRGDQPQHF,blue,1
CASGDFWGDTLYF,blue,1
CASMARTSGDNEQFF,blue,1
CASSIRASYEQYF,blue,1
CATSRDGAGLVNQPQHF,blue,1
CATSALGDTQYF,blue,1
CTCSADRVGNTLYF,blue,1
CSARDPAPEETQYF,blue,1
CASRENRASNTEAFF,blue,1
CASRIYAGSPYEQYF,blue,1
CASSLGREETQYF,blue,1
CASSIVGGNEQFF,blue,1
CASSYSKMTAYNSPLHF,blue,1
CASRQEGRPMNTEAFF,blue,1
CASSSRAAYEQYF,blue,1
CASSPSDYGYTF,red,1
CASSLNNANSDYTF,red,1
CASSLGIDAIYF,blue,1
CASSSETELLYYGYTF,red,1
CASSRDSNSNQPQHF,red,1
CATGTGDSNQPQHF,blue,1
CASSQGFGANVLTF,blue,1
CASSIVGGMNTEAFF,red,1
CASSLGTGGGYTF,blue,1
CASSPPRNMEPSYEQYF,blue,1
CASSIFGQREQYF,blue,1
CASSFSGSLTTEAFF,blue,1
CASSQDPGGTEAFF,blue,1
CASSLIGVSSYNEQFF,blue,1
CASSYRGSGNTIYF,blue,1
CSGGQDYNEQFF,red,1
CASSTIGPYGELFF,blue,1
CSANSRTGLGYTF,blue,1
CASSGTHNEQFF,blue,1
CASSPASGSLFF,red,1
CASSPSWGEVNTEAFF,red,1
CASSLQVWNEQFF,red,1
CSVALGSDTGELFF,blue,1
CASSFGTGEAFF,blue,1
CASRIELPGAGELFF,red,1
CASSIDLTSGVYNEQFF,blue,1
CASRRGSAELYF,blue,1
CASSQGVGENTEAFF,blue,1
CASNGQGDTEAFF,blue,1
CSANPEGPYEQYF,blue,1
CASGWGSQPQHF,blue,1
CASSQVGTVYGYTF,red,1
CASNPSAGTLYNEQFF,blue,1
CASRGQGFSYEQYF,red,1
CASSLDSSGGNEQYF,blue,1
CASSQVAGGAGGPREYNEQFF,red,1
CASSGSSGGRTDTQYF,blue,1
CASSLDPGDTGELFF,blue,1
CASSLRPDPPYNEQFF,blue,1
CASGLGGSNEQFF,blue,1
CASSSHERQGQNSPLHF,blue,1
CASSLAYILGLGDEQFF,red,1
CASSPGLTYPGELFF,blue,1
CASTGGGALGTEAFF,red,1
CASSPPGRGNTGELFF,red,1
CTCSAGLGYEQYF,blue,1
CASSLEGRREGETQYF,blue,1
CASSESQTGDYEQYF,blue,1
CASSLGFGRDVMRF,blue,1
CASSVGLGFTDTQYF,red,1
CASGDAGGGYEQYF,blue,1
CASSLSWGPGNTIYF,blue,1
CASSVGQGKAFF,blue,1
CSASLERMNTGELFF,blue,1
CSARDGTGNGYTF,blue,1
CASSDDRGPYEQYF,blue,1
CASSLYSNQPQHF,blue,1
CASSIVERAEAFF,blue,1
CASRTLAGPNTGELFF,blue,1
CASSLESWGRAYNEQFF,red,1
CASSMRSADTQYF,blue,1
CASSQDRLTGGYTF,red,1
CASSLPGTAYEQYF,blue,1
CASSLQGIGAKNIQYF,red,1
CASSEARQGLDTEAFF,red,1
CASSYQSGNTEAFF,blue,1
CASSDGIGQGASGYTF,red,1
CAISGQGASYEQYF,blue,1
CASSLLGGWSEAFF,blue,1
CATSSGDLSSGANVLTF,blue,1
CASSQVLVGETQYF,blue,1
CASSLAQGQPQHF,blue,1
CASTGGLGYTF,blue,1
CASSSVSEAFF,red,1
CASSTPSSYNEQFF,blue,1
CASTAQGFSNQPQHF,blue,1
CATSATGLRNQPQHF,red,1
CASSLADRVNTEAFF,blue,1
CASSQGLAGAGELFF,blue,1
CSAPFPGQGDYGYTF,red,1
CASSARSGELFF,blue,1
CASSPEETQYF,blue,1
CASSIRSEDTQYF,blue,1
CASRGTGGGSGQPQHF,red,1
CASSQEGTGSYEQYF,blue,1
CASSGRDRDLVEQYF,blue,1
CASSWDRGTGEQYF,blue,1
CASSRSLNVNSNQPQHF,blue,1
CASSQRQEGDTQYF,blue,1
CASSSWDTGELFF,blue,1
CASSQIRETGSPLHF,blue,1
CASSFLATNEKLFF,blue,1
CASSPYPRGGTGELFF,blue,1
CASKMGAEAFF,blue,1
CASSFLFRDGTYEQYF,blue,1
CASSLAPGTTNEKLFF,red,1
CASSFSPTAQGLEQYF,blue,1
CASSLGHTEVFF,blue,1
CSASPERGTSVGTDTQYF,blue,1
CASSIGVYGYTF,blue,1
CASSLNPGRSDSPLHF,blue,1
CASSEGYIYEQYF,red,1
CASREDGASGSPDTQYF,blue,1
CASSQAPSMEPNEQFF,red,1
CASSPSEGLNTEAFF,blue,1
CASGGGGTLYF,blue,1
CASSPGYGSSGNTIYF,red,1
CASLEGYAAGELFF,blue,1
CASSQNSVGSYNEQFF,blue,1
CASRRGPYEQYF,blue,1
CASSLGRASNQPQHF,blue,1
CASSSAYYGYTF,red,1
CASSLAGFTGELFF,red,1
CSVGGAYEQYF,blue,1
CSAKRNRAYHYGYTF,blue,1
CASSVSRDRNGELFF,blue,1
CASSFGREQYF,blue,1
CASSLLGGAGTGELFF,red,1
CASSQAQGMGNSPLHF,blue,1
CASSSVNEQFF,red,1
CASSDGGSPQFF,blue,1
CASSDALQETQYF,red,1
CASSHRDRGISGANVLTF,blue,1
CASSHGASTDTQYF,blue,1
CASSSVNVAFF,red,1
CAWVPGTGGRAAFF,red,1
CASSIVAGGYNEQFF,red,1
CASSIDLAGGSYEQYF,blue,1
CASSRQESYGYTF,red,1
CASSIQKAGYNEQFF,red,1
CAISGQAVSTDTQYF,blue,1
CASSPSMRSGLAEAFF,blue,1
CASSWGQGKSSYEQYF,blue,1
CASSHRTGGETQYF,blue,1
CASSSPGGVSTEAFF,blue,1
CASSFGQGSSPLHF,red,1
CASSYWDRTTSGNTIYF,red,1
CASSLWSAGVHNEQFF,blue,1
CASSYLNRDSALDF,blue,1
CAISEQEDQPQHF,red,1
CASRIWDGGASTDTQYF,blue,1
CATTPGASGISEQFF,blue,1
CASKRTATYEQYF,blue,1
CAWSETGLGTGELFF,blue,1
CASSRRTSGGTDTQYF,blue,1
CASSYSGHVYEQYF,red,1
CASRAWGREGEKLFF,blue,1
CASSQARDPQGILHF,blue,1
CASSGYTGELFF,blue,1
CASSDRGMNTEAFF,blue,1
CASSAGLDAEQYF,blue,1
CASSFGQSSTYGYTF,blue,1
CASSLVGTGELFF,red,1
CASSLSGVPHNNEQFF,red,1
CAISVSGTRVYNEQFF,red,1
CASSLYGAGNSPLHF,blue,1
CSAGTGSANTEAFF,blue,1
CASSLEREGRGEQFF,blue,1
CASSYSIRGSRGEQFF,blue,1
CASSMGGNPEQYF,blue,1
CASIDSSGNTLYF,blue,1
CASGQGNFDIQYF,blue,1
CASSPAGQGGYEQYF,blue,1
CASSDSYGYTF,blue,1
CASTREGLNTGELFF,blue,1
CASSSFYDSNEKLFF,red,1
CASSVEGQGDTEAFF,red,1
CSARDRYNEQFF,blue,1
CASSFRGGKTQYF,blue,1
CASSVATSGGSQQFF,blue,1
CSAVGLAGVRSYEQYF,blue,1
CASSHERDRDTGELFF,red,1
CASSSAFYGYTF,red,1
CAGRGRPNEKLFF,blue,1
CASSPRDRARGDEQYF,blue,1
CASSTLQGADQPQHF,blue,1
CASSKGSVAPGELFF,blue,1
CASSQHDRGFSTEAFF,blue,1
CASTSRAGFNEQFF,blue,1
CASSQAGSLENSPLPLL,blue,1
CASSLSRGWTEAFF,blue,1
CASSLGTGELFF,red,1
CASSYGSYEQYF,blue,1
CASSDSDGSGELFF,blue,1
CASSRDFYAYNEQFF,blue,1
CASSVGGISPLHF,blue,1
CASSLFAGAETQYF,red,1
CASSLDLYGYTF,red,1
CASTVNRGSEGYTF,blue,1
CASSPSQTSGGRTDTQYF,blue,1
CSVGSGGTNEKLFF,blue,1
CASSLGLENEQFF,blue,1
CASSPLTGTGVYGYTF,red,1
CASSNFLGQGDEKLFF,red,1
CASSSSGSSYNEQFF,blue,1
CASSSSGGGAGDTQYF,blue,1
CASSDRDRGGNQPQHF,blue,1
CASSNRGLGTDTQYF,blue,1
CASSPGQLQETQYF,red,1
CASSQDFAGGSYEQYF,blue,1
CASSSSWADTQYF,blue,1
CASSSRDRGLGTEAFF,blue,1
CASSDLNSPLHF,blue,1
CASRPRRDNEQFF,blue,1
CSARDMASGRNEQYF,red,1
CASSQARTAYEQYF,blue,1
CSANDRTSGSNYNEQFF,blue,1
CSVGGSGGADTQYF,blue,1
CASSQALPYEQYF,red,1
CASSGRGFLNYGYTF,red,1
CASSLAGAGNEQFF,blue,1
CASSWSASYEQYF,blue,1
CSILGSNAGPQETQYF,red,1
CAISESGTGFEQYF,blue,1
CASSSIAGRGEKLFF,blue,1
CASSQTQLWETQYF,red,1
CASSFIGGTDTQYF,blue,1
CASSDNRVWTEAFF,blue,1
CSVEEGSRAQYF,red,1
CASSVGTLYSGANVLTF,red,1
CASSQDSGRGELFF,blue,1
CASSQARDRGNGYTF,blue,1
CASGDASGAETLYF,blue,1
CASSHLDRGKKDYEQYF,blue,1
CASSFLMTSGDPYEQYF,blue,1
CASSPGEGMLVSEAFF,blue,1
CASSQDFGRTQYF,blue,1
CASSQWGRPQETQYF,blue,1
CASKVGAGGLYEQYF,blue,1
CASSVAIWRGSYNEQFF,blue,1
CASSLIYPGELFF,blue,1
CASKMRGDVYEQYF,blue,1
CASTQGSTDTQYF,blue,1
CASSEILGMNTEAFF,blue,1
CASRLVSGTDTQYF,blue,1
CASSLGHGRSSYEQYF,blue,1
CASSPTLVTSGNTIYF,red,1
CASTHGTSGEDTQYF,red,1
CASLPTGTNTGELFF,red,1
CASSLASGHRPTDTQYF,blue,1
CASSRGTIHSNTEVFF,blue,1
CAISESRSRVTDTQYF,red,1
CASSLALGVAKNIQYF,red,1
CASSYNEQFF,red,1
CSGDRSSDTQYF,red,1
CASSVVGYLGYTF,red,1
CASSLAGDYEQYF,red,1
CASRLMPGSTYEQYF,blue,1
CASSVELAGTYEQYF,blue,1
CASLAGVRTDTQYF,red,1
CSAREGVNTEAFF,blue,1
CASSPPGLPGYTF,red,1
CSVVQGAECTF,blue,1
CASSLIGEETQYF,blue,1
CASSLGTLQPQHF,blue,1
CASSVFGVQRGFGTDTQYF,blue,1
CASSQDRASGEYEQYF,blue,1
CSARLPRDYSNQPQHF,red,1
CASSFQGSNEKLFF,blue,1
CASSLGEKLFF,blue,1
CASSPGLPEYF,blue,1
CASSLKIGEQFF,red,1
CASSPDYDQETQYF,red,1
CASSTRRNTEAFF,blue,1
CASSPSSVADTQYF,blue,1
CASSLWLNEQFF,red,1
CASSLWKGAGYTF,blue,1
CASILGTSGREPYEQYF,blue,1
CASSQETQYF,blue,1
CASSQQTGTIGGYTF,red,1
CAISTGDSNQPQHF,blue,1
CASSYTGELFF,blue,1
CASSLWEKLAKNIQYF,blue,1
CASGTGDSNQPQHF,blue,1
CASSFHISYEQYF,blue,1
CASSRGTGEGYEQYF,blue,1
CAAGTRTDTQYF,red,1
CASRKLAGPTDTQYF,red,1
CASSPTDRGNTGELFF,red,1
CASSLYRGSNQPQHF,blue,1
CASSVAPGSDTQYF,blue,1
CASRVGAGNTEAFF,blue,1
CASSIDGTAYEQYF,blue,1
CASSQVRLNTEAFF,blue,1
CASSPGSSGRLGEQFF,blue,1
CASSLLTDTQYF,blue,1
CASSKGLAVDYTQYF,blue,1
CSAADRGLGETQYF,red,1
CASSLGQGLLYGYTF,blue,1
CAGQVTNTGELFF,blue,1
CQAGDTEAFF,blue,1
CASSLEAVSIHGYTF,blue,1
CASSPVGGDYGYTF,red,1
CASSVEGIDEKLFF,blue,1
CASSAGNTIYF,blue,1
CASTRESTDTQYF,red,1
CASSLERETQYF,blue,1
CASSLTGPGDQPQHF,blue,1
CAISEYPPTGRKADTQYF,red,1
CASSVEVGTGDNEQFF,red,1
CASSLWQGGQPQHF,blue,1
CSARDRQASSYNEQFF,blue,1
CASSQVRGRGEQYF,blue,1
CASGSGLAGNEQFF,red,1
CASSLVAETYEQYF,blue,1
CASSYYRLAGELFF,blue,1
CATSDLRRTDTQYF,red,1
CASSLRDGYTGELFF,blue,1
CASSPSRNTEAFF,blue,1
CASSLYGSVQNEQFF,blue,1
CASSESAGHKAFF,blue,1
CASSHWDRETSGNTIYF,red,1
CASSVRASDEQYF,blue,1
CASSEETGNQPQHF,blue,1
CASSFTLGTGGVEQYF,red,1
CASSQDLFTGGYTF,red,1
CSARDLTSGANNEQFF,blue,1
CASSFGVSYEQYF,blue,1
CSARDRGGENTGELFF,red,1
CASSYPGGGFYEQYF,blue,1
CASSPTSGIYEQYF,blue,1
CASSEARRYNEQFF,blue,1
CASSVLAGDTQYF,blue,1
CASSGLAGGPVSGANVLTF,blue,1
CASSVRYEQYF,blue,1
CASGQGQETQYF,blue,1
CATSEGNEQFF,red,1
CASRPRDPVTQYF,blue,1
CASSPQTGVGNYGYTF,red,1
CASSARTGELFF,blue,1
CASSHGTGYNQPQHF,red,1
CASAPRRDRGTDTQYF,blue,1
CASSSRGSGGASSYEQYF,blue,1
CASSIRSSYEQYF,blue,1
CASSWWDTGELFF,blue,1
CASSQTTSVNTEAFF,blue,1
CASSWVPPGQGRTGELFF,blue,1
CASSLGQTNYGYTF,blue,1
CASSVEGGGAKETQYF,blue,1
CASSVDSGSTNEQFF,red,1
CASSLAGTGGRFSYEQYF,blue,1
CAISEEGQGRDEQFF,blue,1
CASSIALSDNYGYTF,blue,1
CASRVGTGNLYEQYF,blue,1
CASTGSVSTDTQYF,red,1
CASSRDLGRDTQYF,blue,1
CASSYSGTNQPQHF,red,1
CASSSGTSGSGSYNEQFF,red,1
CASSDSGEAGELFF,red,1
CASSQERDRRAVEKLFF,blue,1
CAISEWDSPTLNSPLHF,blue,1
CASTGSYGYTF,blue,1
CSVDPGHTGEKLFF,red,1
CASSNVPDMNTEAFF,red,1
CASSIQQGADTQYF,blue,1
CSVGTGGTNEKLFF,blue,1
CASSDSTSGGNEQFF,red,1
CASATSGTYYEQYF,blue,1
CASSQGLAGEVYTGELFF,red,1
CASRGLQGRIDYNEQFF,blue,1
CASGFTGGRNTEAFF,red,1
CASSQDRHTEAFF,blue,1
CASSVDSGLGYGYTF,blue,1
CASSPPARDRDHEQYF,blue,1
CASSQAGQAGELFF,blue,1
CASSLASRVGSPLHF,red,1
CASSKQGGNIQYF,blue,1
CASSTTPGTGTETQYF,blue,1
CASSLEIQGSGAFF,red,1
CASMGRDINQPQHF,blue,1
CASSPKTGASYGYTF,red,1
CASSPHQEVTEAFF,blue,1
CASSPSELAGGRLDTQYF,blue,1
CASGRIAGELFF,blue,1
CASSEFRTRGYTF,blue,1
CASSLGGNLYEQYF,blue,1
CASSDAPGQLYF,blue,1
CASSRGHPLQFF,red,1
CASSQGPQVRGADTQYF,blue,1
CASSYQTGTGNYGYTF,red,1
CATSTVPDYNSPLHF,red,1
CSATPSGYGYTF,red,1
CASRPGLAGGRPEQYF,blue,1
CASSYASNQPQHF,red,1
CASSLDSQSSGNTIYF,blue,1
CASSRDRTGRANYGYTF,red,1
CASSLSASGGATDTQYF,blue,1
CASSLDRVSVNTEAFF,blue,1
CASSVASGTDTQYF,blue,1
CASSPREAGGISGYTF,blue,1
CASSLLTGGTDTQYF,blue,1
CASSQEGGGETQYF,blue,1
CASSQETGSASQHF,blue,1
CASSADSYGANVLTF,red,1
CASSAGTSGEYEQYF,blue,1
CASSGRGSYNEQFF,blue,1
CASSHDPTWGPGNTIYF,red,1
CASSGGHTGSNEQFF,blue,1
CASSIDAGSNYEQYF,red,1
CASSLDSSSGNTIYF,blue,1
CASSLNFVGLNQPQHF,blue,1
CASSPLRGVYYNEQFF,red,1
CASDSNTEAFF,blue,1
CASSVTGTEADEQFF,red,1
CASSQVVAFGDTQYF,blue,1
CASSIVRGQRETKNIQYF,blue,1
CASRTRGGTLIEQYF,blue,1
CASSYLGNTGELFF,blue,1
CASTLAGVGYEQFF,blue,1
CASSNIPDMNTEAFF,red,1
CASSATGSNTGELFF,red,1
CASSFRALAADTQYF,blue,1
CASPGETEAFF,blue,1
CASSSPRVAGRPDTQYF,blue,1
CASSPPGREDTEAFF,blue,1
CASSVEAGPNEQYF,blue,1
CASSRTSPTDTQYF,blue,1
CASSPGSTEAFF,blue,1
CASSYNIAGELFF,blue,1
CASSFKDTNTGELFF,red,1
CASSTDLATGAYEQYF,blue,1
CASSVRSTDTQYF,blue,1
CASSPGTFRYTF,red,1
CSVAGQGDDHTDTQYF,red,1
CASTPRGRGLVYGYTF,blue,1
CASSLLGVSYYNEQFF,red,1
CASSDREGGPHEQYF,blue,1
CASSPRREQGDTQYF,blue,1
CASSLIGRDEQFF,blue,1
CASSFNMATGQYF,blue,1
CAISDPRDSYEQYF,blue,1
CASSFARTRWEQYF,blue,1
CASSPSTGTIYGYTF,red,1
CASSLGGDIQYF,blue,1
CASSQDRDTQYF,blue,1
CASSESGAGELFF,blue,1
CASSLGREYGYTF,blue,1
CASSLGGAGGADTQYF,blue,1
CASSLIGNEQFF,blue,1
CASSWSFGTEAFF,red,1
CASSPTNPAGDTETQYF,blue,1
CSAEGLAGGKNTGELFF,blue,1
CASGLLTSGSINEQFF,blue,1
CASSRGDTEAFF,blue,1
CASSSLPGGGVDTQYF,blue,1
CASSSRTGDQETQYF,red,1
CSARDSGLSHGEQFF,blue,1
CASSVDPTGGGRQETQYF,blue,1
CASSFRDYGNYEQYF,blue,1
CASSMGTVYLNTEAFF,red,1
CASSSGGWGGGTEAFF,blue,1
CASSIGHNTGELFF,blue,1
CASSLRQALRNEQFF,blue,1
CASSYQGGNYGYTF,blue,1
CASTSVRDRLEKLFF,blue,1
CASSARGGGNNEQFF,red,1
CTCSAAPDWGASAETLYF,blue,1
CASSIIPDMNTEAFF,red,1
CASSTGFYGYTF,blue,1
CASSQWGGQPQHF,blue,1
CAIANRGTEAFF,blue,1
CASSVAGLGGNTIYF,blue,1
CASSPYGGPGNTIYF,blue,1
CASSIAGSAYEQYF,blue,1
CASSLAREYSPLHF,blue,1
CASSLASPGHFTGELFF,red,1
CASSRTSATGELFF,blue,1
CASSMGGTYEQYF,blue,1
CASSPVTGGIYGYTF,red,1
CASSLIRTWDEQYF,blue,1
CSARDGQGSSPLHF,blue,1
CSARGADTQYF,red,1
CASSDTVSYEQYF,blue,1
CASTYHGTGYF,blue,1
CASSEGLGGALYGYTF,red,1
CASSSRASYEQYF,blue,1
CASSLKAGNQPQHF,red,1
CAAWDDSLNGWVF,blue,1
CASSIRRIDPYNEQFF,blue,1
CAWSETGLGMGGWQF,blue,1
CASSSGATEAFF,blue,1
CASSQQETYEQYF,red,1
CSARPRRSAGELFF,blue,1
CASSYDRGPREGYTF,red,1
CASRSAGHQETQYF,blue,1
CASSRTGSTYEQYF,blue,1
CASSLREMGGKAEAFF,blue,1
CASSLAGTSGYTYEQYF,blue,1
CASSVEIAGRYNEQFF,blue,1
CASGDAWGYEQYF,blue,1
CASREGLGGTEAFF,blue,1
CSARDHGGDYGYTF,red,1
CSARDLRLLANTGELFF,red,1
CASSPTSGSVYEQFF,blue,1
CASSITLSSYNEQFF,blue,1
CASSLAVLSSYNEQFF,blue,1
CASSQYSNQPQHF,blue,1
CSVEEGVLYEQYF,blue,1
CASSPTGVGEQFF,blue,1
CASSHQTGELFF,red,1
CASSIYPGQLYNSPLHF,red,1
CASSEGSLGGGLETQYF,blue,1
CASSPRGRGGREDTQYF,blue,1
CASSLELAAWETQYF,red,1
CASSDGDYEQYF,blue,1
CASSDRDVTGELFF,blue,1
CASSTILGPGANVLTF,blue,1
CASSVAVSAGTYEQYF,blue,1
CASSLVGATAFF,blue,1
CASSLVGGPSVQFF,red,1
CASSFQGYTEAFF,red,1
CASSVAPGSEGEAFF,blue,1
CASSLGRGQFF,blue,1
CANSQPGGIEQFF,blue,1
CASSINRDLLNGYTF,red,1
CASSLYGSSYNEQFF,blue,1
CASSFGADTQYF,blue,1
CASSFRQGEAFF,blue,1
CASSSGQAYEQYF,blue,1
CASSWRTGNSGELFF,blue,1
CASSSHDTGGYNSPLHF,blue,1
CASTNSGNTIYF,blue,1
CASSPREGGETQYF,blue,1
CASSPHPGTSGGASYNEQFF,blue,1
CASSLEGGYYNEQFF,blue,1
CASSLMTNQPQHF,blue,1
CSARGQDIYEQYF,red,1
CASSGRTGNTEAFF,blue,1
CASTPYRRGPHLYGYTF,red,1
CASRQENSGNTIYF,red,1
CASSIGQGKSSYEQYF,blue,1
CASSPLDVSISSYNEQFF,blue,1
CASSYSTGTHLEQYF,red,1
CASSVIPDMNTEAFF,red,1
CASSEGLWQVGDEQYF,blue,1
CSAPGGGGTSYEQYF,blue,1
