source,target,weight
CASSLWSAGVHNEQFF,CASSLASPGHFTGELFF,0.285
CASSLASPGHFTGELFF,CASSLDPGDTGELFF,0.26
CASSSRDRGLGTEAFF,CASSFDRGTGNTIYF,0.165
CASSFDRGTGNTIYF,CASSWDRGTGEQYF,0.085
CASSFDRGTGNTIYF,CATSIDRGREKLFF,0.162
CASSFQTGASYGYTF,CASSYQTGASYGYTF,0.041
CASSFQTGASYGYTF,CASSPKTGASYGYTF,0.163
CASSYQTGASYGYTF,CASSYQTGAAYGYTF,0.09
CAAGTRTDTQYF,CASRGTGGGSGQPQHF,0.269
CASRGTGGGSGQPQHF,CASSTRGGGDAKNIQYF,0.257
CASSIQQGADTQYF,CASSTLQGADQPQHF,0.183
CASSSRTGDQETQYF,CASSIFGQREQYF,0.226
CASSIFGQREQYF,CASSFLGLNEQFF,0.172
CASSTRGGGDAKNIQYF,CASRRPGGDTEAFF,0.222
CASRRPGGDTEAFF,CASRRQGTVYEQYF,0.186
CASSNFLGQGDEKLFF,CSAPFPGQGDYGYTF,0.186
CASSNFLGQGDEKLFF,CASSRGQGPGQETQYF,0.218
CSAPFPGQGDYGYTF,CASSPTPGDPHYGYTF,0.202
CASRGQGFSYEQYF,CASRRQGTVYEQYF,0.159
CASRGQGFSYEQYF,CASTAQGFSNQPQHF,0.221
CASRRQGTVYEQYF,CSARRSDRVNTEAFF,0.3
CSARDGTGNGYTF,CSARDRVGNTIYF,0.14
CSARDGTGNGYTF,CSANSRTGLGYTF,0.193
CASSSGGWGGGTEAFF,CASSIGHNTGELFF,0.209
CASSSGGWGGGTEAFF,CASSQDRGLAGGTYNEQFF,0.22
CASSIGHNTGELFF,CASSYVGNTGELFF,0.195
CASGQGNFDIQYF,CASGDFWGDTLYF,0.206
CASRKLAGPTDTQYF,CASSRRTSGGTDTQYF,0.271
CASSRRTSGGTDTQYF,CASAPRRDRGTDTQYF,0.217
CASSRRTSGGTDTQYF,CASSQTRTSGRVDPDTQYF,0.15
CASSFDPGSYGYTF,CASSLDPGDTGELFF,0.136
CASSFDPGSYGYTF,CASSQNSVGSYNEQFF,0.215
CASSFDPGSYGYTF,CASSIDAGSNYEQYF,0.16
CASSYSGTNQPQHF,CASSYSGTGDYGYTF,0.158
CASSYSGTNQPQHF,CASSYSTGTHLEQYF,0.185
CASSYSGTGDYGYTF,CASSESQTGDYEQYF,0.169
CASSEPIGTGGNQPQHF,CASLPTGTNTGELFF,0.195
CASLPTGTNTGELFF,CASSVERGRNTGELFF,0.179
CASLPTGTNTGELFF,CASSPPGRGNTGELFF,0.159
CASSAGTSGEYEQYF,CASSLAGTSGYTYEQYF,0.17
CASSAGTSGEYEQYF,CASSPGTSGVGEQFF,0.172
CASSLAGTSGYTYEQYF,CASSLLGVSYYNEQFF,0.162
CASSMVPDMNTEAFF,CASSNVPDMNTEAFF,0.051
CASSNVPDMNTEAFF,CATSTVPDYNSPLHF,0.205
CASSLGRASNQPQHF,CASSLYRGSNQPQHF,0.115
CASSLSRGWTEAFF,CASSWDRGTGEQYF,0.197
CASSWDRGTGEQYF,CASSQDKTTGELFF,0.134
CASSPLDVSISSYNEQFF,CASSASAEFSSYEQYF,0.219
CASSPLDVSISSYNEQFF,CASSPAPSASSYEQYF,0.246
CASSFGQSSTYGYTF,CASSITLSSYNEQFF,0.165
CASSITLSSYNEQFF,CASSYTVQPYNEQFF,0.169
CASSITLSSYNEQFF,CASSLIGVSSYNEQFF,0.123
CASSITLSSYNEQFF,CASSIALSDNYGYTF,0.167
CASSITLSSYNEQFF,CSARDRQASSYNEQFF,0.219
CASSLALGVAKNIQYF,CASSLWEKLAKNIQYF,0.211
CASSQTTSVNTEAFF,CASSPRTSFETQYF,0.19
CASSQTTSVNTEAFF,CASSLDRVSVNTEAFF,0.205
CASSPRTSFETQYF,CASSPGTSGVGEQFF,0.188
CASSMRSADTQYF,CASSIRSEDTQYF,0.085
CASSIRSEDTQYF,CASSIRSTDTQYF,0.054
CASSPREAGGISGYTF,CASSRLAGGMDEQFF,0.189
CASSRLAGGMDEQFF,CASSGLAGGMDEQFF,0.045
CASSQGSYEQYF,CASSDGDYEQYF,0.064
CASSLDIPSYNEQFF,CASSDTVSYEQYF,0.198
CASSDTVSYEQYF,CASSDWVSYEQYF,0.061
CASSDTVSYEQYF,CASSQALPYEQYF,0.165
CASSSHERQGQNSPLHF,CASSVEGQGDTEAFF,0.159
CASSSHERQGQNSPLHF,CASSQARDPQGILHF,0.234
CASSVEGQGDTEAFF,CASSLEIQGSGAFF,0.134
CASSHWDRETSGNTIYF,CASSYWDRTTSGNTIYF,0.138
CASSHWDRETSGNTIYF,CASSQHDRGFSTEAFF,0.223
CAIANRGTEAFF,CASTVNRGSEGYTF,0.256
CASTVNRGSEGYTF,CSVWVGREQETQYF,0.252
CASTVNRGSEGYTF,CASSYSIRGSRGEQFF,0.223
CSARDHGGDYGYTF,CASSPVGGDYGYTF,0.255
CSARDHGGDYGYTF,CASRSAGHQETQYF,0.293
CSARDHGGDYGYTF,CSARDSGLSHGEQFF,0.282
CASSPVGGDYGYTF,CASSQVGTVYGYTF,0.153
CASSFLQGEKLFF,CASSFRQGEAFF,0.153
CASSFLQGEKLFF,CASSYAQGNEQFF,0.156
CASSFRQGEAFF,CASSARSGELFF,0.124
CASSFRQGEAFF,CASSYWQGELFF,0.137
CASSFRQGEAFF,CASSVGQGKAFF,0.147
CASSFRQGEAFF,CASSPSMRSGLAEAFF,0.194
CASSPDYDQETQYF,CASSDALQETQYF,0.213
CASSDALQETQYF,CASSQALPYEQYF,0.192
CASRMTGGKTNEKLFF,CASSTTPGTGTETQYF,0.226
CASSTTPGTGTETQYF,CASATSGTYYEQYF,0.197
CASSTTPGTGTETQYF,CASSITLGTGGVEQYF,0.173
CAISEYPPTGRKADTQYF,CAWVPGTGGRAAFF,0.238
CAWVPGTGGRAAFF,CASSVDPTGGGRQETQYF,0.199
CAWVPGTGGRAAFF,CASGGGGTLYF,0.173
CAWVPGTGGRAAFF,CASSLREMGGKAEAFF,0.267
CASSFLGTGVEQYF,CASSFQGIRVEAFF,0.125
CASSFLGTGVEQYF,CASSPGTGVEQYF,0.181
CASSFLGTGVEQYF,CASSFARTRWEQYF,0.172
CASSDGGSPQFF,CASSDLNSPLHF,0.17
CASSTGFYGYTF,CASSTGNYGYTF,0.041
CASSTGFYGYTF,CASSIGVYGYTF,0.082
CASSQVAGGAGGPREYNEQFF,CASSLGGAGGADTQYF,0.216
CASSQVAGGAGGPREYNEQFF,CASSLYGPGGVGQPQHF,0.226
CASSLGGAGGADTQYF,CASSPHPGTSGGASYNEQFF,0.212
CASSLGGAGGADTQYF,CASRGGRVAGADTEAFF,0.222
CASSLGTLQPQHF,CASSVGGAQPQHF,0.07
CASSVGGAQPQHF,CASSVGGISPLHF,0.104
CASSFGREQYF,CASSMGGEQYF,0.069
CASSFGREQYF,CASSVRYEQYF,0.148
CASSFGREQYF,CASSLGRGQFF,0.141
CASSPGQGVYEQYF,CASSPTSGIYEQYF,0.135
CASSPGQGVYEQYF,CASSPHQEVTEAFF,0.19
CASSPGQGVYEQYF,CASNGQGDTEAFF,0.175
CASSPTSGIYEQYF,CASSPSQTSGGRTDTQYF,0.195
CASIDSSGNTLYF,CASSLDSSGGNEQYF,0.134
CASIDSSGNTLYF,CASSTPSSYNEQFF,0.183
CASIDSSGNTLYF,CAAWDDSLNGWVF,0.288
CASSLDSSGGNEQYF,CASSLDSSSGNTIYF,0.125
CASSLDSSGGNEQYF,CASSLVSSGANVLTF,0.145
CASAQIGPYEQYF,CASSDDRGPYEQYF,0.168
CASAQIGPYEQYF,CASSVEAGPNEQYF,0.196
CASAQIGPYEQYF,CSANPEGPYEQYF,0.254
CASSDDRGPYEQYF,CASSYDRGPREGYTF,0.183
CASSFNMATGQYF,CASSYNIAGELFF,0.177
CASSLIGEETQYF,CASSLGREETQYF,0.091
CASSLGREETQYF,CASSLGREYGYTF,0.093
CASTNRQEGQETQYF,CASMGRDINQPQHF,0.278
CASMGRDINQPQHF,CSARGGSYNSPLHF,0.231
CSARGQDIYEQYF,CSVALGSDTGELFF,0.213
CASSGVGSGRPNSYNEQFF,CASVQGGSGGRGSYEQYF,0.249
CASSGVGSGRPNSYNEQFF,CASSLNPGRSDSPLHF,0.276
CASVQGGSGGRGSYEQYF,CASSGSSGGRTDTQYF,0.192
CASSSPPSGGGYEQFF,CASSPSREGYTF,0.178
CASSSPPSGGGYEQFF,CSATPSGYGYTF,0.218
CASSPSREGYTF,CASSPSRNTEAFF,0.141
CASSVFGVQRGFGTDTQYF,CASMGNSAGANVLTF,0.306
CASMGNSAGANVLTF,CASSFTWTSGGATDTQYF,0.242
CASSLGHGRSSYEQYF,CASSLGQGKSSYEQYF,0.07
CASSLGQGKSSYEQYF,CASSIGQGKSSYEQYF,0.067
CASSLGQGKSSYEQYF,CASSANPGDSSNEKLFF,0.246
CASSPPRNMEPSYEQYF,CASSPGEGMLVSEAFF,0.293
CASSVELAGTYEQYF,CASSQAALAGFGYEQYF,0.211
CASSVELAGTYEQYF,CASSLELAAWETQYF,0.215
CASSQAALAGFGYEQYF,CASSHGAAAGETEAFF,0.206
CASSYLNRDSALDF,CASSLVGGPSVQFF,0.285
CASSLVGGPSVQFF,CASSVAGTPSYEQYF,0.166
CASSLVGGPSVQFF,CASSLLGGWSEAFF,0.151
CASSSGIYGYTF,CASSSAFYGYTF,0.085
CASSSGIYGYTF,CASSPGTFRYTF,0.17
CASSSAFYGYTF,CASSSAYYGYTF,0.041
CASSARSTGGFGANVLTF,CASGGGGTLYF,0.207
CASSMGANEQFF,CASSIGQYEQYF,0.129
CASSMGANEQFF,CASSGTHNEQFF,0.15
CASSIGQYEQYF,CASSYGSYEQYF,0.092
CASSEILGMNTEAFF,CASSIVGGMNTEAFF,0.19
CASSEILGMNTEAFF,CASSVEIAGRYNEQFF,0.221
CASSIVGGMNTEAFF,CASSPGGGMNTEAFF,0.157
CASSFLFRDGTYEQYF,CASRTLAGPNTGELFF,0.274
CASRTLAGPNTGELFF,CSAEGLAGGKNTGELFF,0.195
CASSLGGTGWTEAFF,CASSARGGGNNEQFF,0.172
CASSARGGGNNEQFF,CASSHRTGGETQYF,0.162
CASSARGGGNNEQFF,CASSGRGFLNYGYTF,0.236
CASSARGGGNNEQFF,CASSLEGGYYNEQFF,0.166
CASSHERDRDTGELFF,CASSVERGRNTGELFF,0.288
CASSITLGTGGVEQYF,CASSFTLGTGGVEQYF,0.015
CASSSGTSGSGSYNEQFF,CASTGSVSTDTQYF,0.23
CSGDRSSDTQYF,CSVAGQGDDHTDTQYF,0.238
CSARDRYNEQFF,CATSEGNEQFF,0.188
CSARDRYNEQFF,CASSDRDRGGNQPQHF,0.215
CATSDLRRTDTQYF,CASSFRFTDTQYF,0.163
CASSFRFTDTQYF,CASSIRSTDTQYF,0.14
CASSTGRYYEQYF,CASSTRRNTEAFF,0.113
CASSTGRYYEQYF,CASSMGGTYEQYF,0.123
CASFSPRVYEQYF,CASSIDGTAYEQYF,0.195
CASSIDGTAYEQYF,CASSLPGTAYEQYF,0.123
CASSIDGTAYEQYF,CASSRDFYAYNEQFF,0.191
CASSIDGTAYEQYF,CASSYSGHVYEQYF,0.187
CASRIYAGSPYEQYF,CASRLMPGSTYEQYF,0.257
CASRLMPGSTYEQYF,CASGLLTSGSINEQFF,0.253
CASSHTSGNGDTQYF,CATSDSTSGGTDTQYF,0.184
CATSDSTSGGTDTQYF,CAISESRSRVTDTQYF,0.252
CASSIRSTDTQYF,CASSFVSFDEQFF,0.193
CASSIRSTDTQYF,CASSVRSTDTQYF,0.057
CASSLNNANSDYTF,CASSFGVNSDYTF,0.18
CASSLNNANSDYTF,CASSLAREYSPLHF,0.246
CASSLRGRGDQPQHF,CASSLTGPGDQPQHF,0.135
CASSPPARDRDHEQYF,CASSQARDRGNGYTF,0.288
CASSQARDRGNGYTF,CASSQAGQAGELFF,0.195
CASSPASGSLFF,CASSDAPGQLYF,0.161
CASSQDLFTGGYTF,CASSQDRLTGGYTF,0.157
CASSQDRLTGGYTF,CASSDSRANTGELFF,0.143
CASSQDRLTGGYTF,CASSSHDRDGGYSPLHF,0.186
CASGAPGTPYNEQFF,CASSQGLAGEVYTGELFF,0.219
CASSQGLAGEVYTGELFF,CSAEGLAGGKNTGELFF,0.187
CASSVATSGGSQQFF,CASSQAGQGNSPLHF,0.177
CASSQAGQGNSPLHF,CASSLEGQGASEQFF,0.171
CASSQAGQGNSPLHF,CASSQIRETGSPLHF,0.245
CASSHRDRGISGANVLTF,CATSRDRGWSNQPQHF,0.154
CASTGSYGYTF,CASSTGSYGYTF,0.09
CASSQYSNQPQHF,CASSLYSNQPQHF,0.053
CASSLYSNQPQHF,CASRPGLMSAQPEQYF,0.289
CATTPGASGISEQFF,CASTHGTSGEDTQYF,0.207
CASSQLEQGGETQYF,CASSQAGQAGELFF,0.166
CASSQAGQAGELFF,CASSLGQAYEQYF,0.115
CSAEGLAGGKNTGELFF,CASGFTGGRNTEAFF,0.156
CTCSADRVGNTLYF,CASSWDRAGNTLYF,0.096
CTCSADRVGNTLYF,CASSVSRDRNGELFF,0.216
CASSWDRAGNTLYF,CASSIQKAGYNEQFF,0.172
CASSSRASYEQYF,CASSSRSSYEQYF,0.09
CASSSRASYEQYF,CASSSRAAYEQYF,0.09
CASSSRASYEQYF,CASSSPGASTYEQYF,0.199
CASSSRASYEQYF,CASSLSRASGNTLYF,0.167
CASSSRSSYEQYF,CASSSSGSSYNEQFF,0.093
CASSSRSSYEQYF,CAISDPRDSYEQYF,0.131
CASSMGGTYEQYF,CASSMGGNPEQYF,0.124
CASSMGGTYEQYF,CASSEGYIYEQYF,0.125
CASSIDLTSGVYNEQFF,CASSIDLASGTTYEQYF,0.16
CASSIDLASGTTYEQYF,CSARDMASGRNEQYF,0.206
CASSIDLASGTTYEQYF,CASSQDLASGTYNEQFF,0.135
CASSIDLASGTTYEQYF,CSARDPAPEETQYF,0.3
CASSRTSPTDTQYF,CASSVASGTDTQYF,0.226
CASSVASGTDTQYF,CASRLVSGTDTQYF,0.19
CASSVASGTDTQYF,CASSPADPFSNTQYF,0.264
CASSVASGTDTQYF,CASSVAPGSDTQYF,0.188
CASSSLPGGGVDTQYF,CASSLLTGGTDTQYF,0.151
CASSSLPGGGVDTQYF,CASSLGEGRVDGYTF,0.197
CASSLLTGGTDTQYF,CASSLQRGRTDTQYF,0.137
CASSFIGGTDTQYF,CASSLNGRADTQYF,0.217
CASSFIGGTDTQYF,CSAPGGGGTSYEQYF,0.226
CASSLNGRADTQYF,CASSQWGRPQETQYF,0.245
CASSLNGRADTQYF,CASSPPGREDTEAFF,0.176
CASSFHISYEQYF,CASSFGVSYEQYF,0.138
CASSFHISYEQYF,CASSRQESYGYTF,0.23
CASSFHISYEQYF,CASSWSASYEQYF,0.173
CASSFGVSYEQYF,CASSIRASYEQYF,0.089
CASSFGVSYEQYF,CASSSTGLPYGYTF,0.187
CASSLEGRREGETQYF,CASLEGYAAGELFF,0.177
CASSLEGRREGETQYF,CASSIVRGQRETKNIQYF,0.27
CASSLEGRREGETQYF,CASRAWGREGEKLFF,0.26
CANSQPGGIEQFF,CASSQDPGGTEAFF,0.219
CASSQDPGGTEAFF,CASSQDSGRGELFF,0.131
CASSWRTGNSGELFF,CASSPKTGASYGYTF,0.208
CASSLGQTNYGYTF,CASSLGAANYNEQFF,0.163
CASSLGAANYNEQFF,CASSLGALGETQYF,0.151
CASTGAGEGPFF,CASSRGTGEGYEQYF,0.195
CASSRGTGEGYEQYF,CASTPRGRGLVYGYTF,0.232
CASSPSRNTEAFF,CASSPDRGYEQFF,0.108
CASSPSRNTEAFF,CASSPHRNTEAFF,0.08
CASSHRTGGETQYF,CASSPREGGETQYF,0.109
CASSHRTGGETQYF,CASSQEGGGETQYF,0.135
CASSPREGGETQYF,CASSDREGGPHEQYF,0.214
CASSPREGGETQYF,CSVDPGHTGEKLFF,0.222
CASMARTSGDNEQFF,CASSFLMTSGDPYEQYF,0.167
CASSFLMTSGDPYEQYF,CASREDGASGSPDTQYF,0.279
CASSFFGAQQVDGYTF,CASSFRALAADTQYF,0.316
CASSFRALAADTQYF,CASSNRGLGTDTQYF,0.241
CQAGDTEAFF,CASSLGQGLLYGYTF,0.251
CQAGDTEAFF,CASSQAPSMEPNEQFF,0.263
CQAGDTEAFF,CASSQERDRRAVEKLFF,0.259
CQAGDTEAFF,CASSQAGSLENSPLPLL,0.301
CASSLGQGLLYGYTF,CASSEARQGLDTEAFF,0.286
CASSLGQGLLYGYTF,CASSWGQGSNYGYTF,0.215
CASSEGQVSPGELFF,CASSKGSVAPGELFF,0.185
CASSKGSVAPGELFF,CASSKGLAVDYTQYF,0.231
CASKMRGDVYEQYF,CASSIRRIDPYNEQFF,0.261
CASKMRGDVYEQYF,CSARPRRSAGELFF,0.285
CASSGLAGGMDEQFF,CASRPGLAGGRPEQYF,0.17
CASSINRDLLNGYTF,CASRPRDPVTQYF,0.23
CASSSAYYGYTF,CASSSANYGYTF,0.034
CASSSANYGYTF,CATSDSAGYNEQFF,0.175
CASSKQGGNIQYF,CASSIVGGNEQFF,0.174
CASSIVGGNEQFF,CASSSIAGRGEKLFF,0.11
CASSIVGGNEQFF,CASSFLGLNEQFF,0.116
CASSVAVSAGTYEQYF,CASSLVLSSPTYEQYF,0.235
CASSQQTGTIGGYTF,CASSPSTGTIYGYTF,0.142
CASSQQTGTIGGYTF,CASSSHDTGGYNSPLHF,0.177
CASSPSTGTIYGYTF,CASSPSEGLNTEAFF,0.207
CASSPSTGTIYGYTF,CASSPVTGGIYGYTF,0.109
CASSPSTGTIYGYTF,CASSPSGTGANEQFF,0.177
CASKVGAGGLYEQYF,CASRVGTGNLYEQYF,0.128
CASRVGTGNLYEQYF,CASRTRGGTLIEQYF,0.213
CASRVGTGNLYEQYF,CASSRDRTGRANYGYTF,0.213
CASSLEGSYEQYF,CASSLAGDYEQYF,0.092
CASSLEGSYEQYF,CASSQETGSYEQYF,0.167
CASSLEGSYEQYF,CASSQETGSYEQFF,0.167
CASSLEGSYEQYF,CASSLERDGYTF,0.192
CASSPGLPEYF,CASSSGGLSEQYF,0.222
CASSSGGLSEQYF,CASSSPGGVSTEAFF,0.131
CASSYTGELFF,CASSPGGELFF,0.124
CASSPGGELFF,CASDSNTEAFF,0.18
CASSPGGELFF,CASSQPSQGGRLEQYF,0.234
CASSRDLGRDTQYF,CASSSRHEGEDTEAFF,0.196
CASTPRGRGLVYGYTF,CASSPRGRGGREDTQYF,0.233
CASTPRGRGLVYGYTF,CASTPYRRGPHLYGYTF,0.304
CASSGGHTGSNEQFF,CASGGLGGDEQYF,0.166
CASGGLGGDEQYF,CASGGQGRAEQFF,0.182
CASSLRGQGFYEQFF,CASSPAGQGGYEQYF,0.184
CASSPAGQGGYEQYF,CASSQVGQNLYEQYF,0.193
CASSPAGQGGYEQYF,CASSWVPPGQGRTGELFF,0.222
CASSPAGQGGYEQYF,CASSVAGLGGNTIYF,0.138
CASSWGQGSNYGYTF,CASNGQGDTEAFF,0.178
CASSWGQGSNYGYTF,CSANDRTSGSNYNEQFF,0.19
CSARGADTQYF,CASSFGADTQYF,0.15
CSARGADTQYF,CASSPRREQGDTQYF,0.246
CASSSFYDSNEKLFF,CASSIRSSYEQYF,0.134
CASSIRSSYEQYF,CASSYRSSYEQYF,0.043
CASSLGVEELFF,CASSLGHTEVFF,0.133
CASSLGVEELFF,CASSLGLENEQFF,0.134
CASSLGHTEVFF,CASSLGTGELFF,0.129
CASSLGLENEQFF,CASSLQVWNEQFF,0.182
CASSLASGHRPTDTQYF,CASGTEAFF,0.289
CASGTEAFF,CASSPSGTGANEQFF,0.264
CASSGRDRDLVEQYF,CASSQERDRRAVEKLFF,0.276
CASSQERDRRAVEKLFF,CSVEGDTGELFF,0.267
CAISEEGQGRDEQFF,CASSLEGQGASEQFF,0.178
CAISEEGQGRDEQFF,CSVEEGSRAQYF,0.275
CASSLEGQGASEQFF,CASSSHDRQGASSPLHF,0.194
CASSLEGQGASEQFF,CASSDGIGQGASGYTF,0.171
CASSLAQQGLAEAFF,CASSLVSSGANVLTF,0.209
CASSYLGNTGELFF,CASSYVGNTGELFF,0.021
CASSRGHPLQFF,CASSGTHNEQFF,0.205
CASSSETELLYYGYTF,CAWSETGLGTGELFF,0.236
CAWSETGLGTGELFF,CAWSETGLGMGGWQF,0.044
CAWSETGLGTGELFF,CASSATGSNTGELFF,0.165
CASSEDGMNTEAFF,CAISESGTGFEQYF,0.153
CASGDASGAETLYF,CASGDASGGNTLYF,0.117
CASGDASGGNTLYF,CASSLSASGGATDTQYF,0.181
CASSQTQLWETQYF,CASSPGQLQETQYF,0.152
CASSLKAGNQPQHF,CASSLWQGGQPQHF,0.16
CASSLKAGNQPQHF,CASSEETGNQPQHF,0.173
CASSLWQGGQPQHF,CASSLGQGNSPLHF,0.155
CASSGYTGELFF,CASSARTGELFF,0.117
CASSARTGELFF,CASSLGTGELFF,0.065
CASSHGAAAGETEAFF,CSARGEAITEKLFF,0.266
CASSPLRGVYYNEQFF,CASSLEGGYYNEQFF,0.193
CASSLYGNQPQHF,CASSLYGGQPQHF,0.037
CASSLYGNQPQHF,CASSFFGNQPQHF,0.107
CASSLYGGQPQHF,CASSQWGGQPQHF,0.109
CSASPERGTSVGTDTQYF,CASTGGGALGTEAFF,0.239
CSASPERGTSVGTDTQYF,CASSEGLWQVGDEQYF,0.358
CASSNYPGGARTDTQYF,CASSIYPGQLYNSPLHF,0.247
CSARDLRLLANTGELFF,CASSLRQALRNEQFF,0.198
CASSIIPDMNTEAFF,CASSMIPDMNTEAFF,0.03
CASSIIPDMNTEAFF,CASSNIPDMNTEAFF,0.045
CASSIIPDMNTEAFF,CASSVIPDMNTEAFF,0.057
CASSSSGSSYNEQFF,CASSQDPGSSYNEQFF,0.142
CASSQAQGMGNSPLHF,CASSQSSGGGRSEAFF,0.241
CASSQSSGGGRSEAFF,CASSGSSGGRTDTQYF,0.226
CTCSAGLGYEQYF,CASTLAGVGYEQFF,0.162
CTCSAGLGYEQYF,CAWSVSVGAGVPTIYF,0.257
CASTLAGVGYEQFF,CASGDAGGGYEQYF,0.17
CSAKRNRAYHYGYTF,CAGRGRPNEKLFF,0.311
CAGRGRPNEKLFF,CASRRTGVVEKLFF,0.236
CAGRGRPNEKLFF,CSVGTGGTNEKLFF,0.166
CASSLDSSSGNTIYF,CASSLDSQSSGNTIYF,0.228
CASSLDSSSGNTIYF,CATSSGDLSSGANVLTF,0.216
CASSLGRGQFF,CASSLGEKLFF,0.175
CASSVAIWRGSYNEQFF,CASLAGVRTDTQYF,0.229
CAWGTLATEQYF,CASRGGRVAGADTEAFF,0.24
CASSLGQGNSPLHF,CASSFGQGSSPLHF,0.182
CASSGLAGGPVSGANVLTF,CASNPAGGAGLGYGYTF,0.265
CASNPAGGAGLGYGYTF,CASSIVAGAGAGELFF,0.203
CASNPAGGAGLGYGYTF,CASSLLGGAGTGELFF,0.152
CASNPAGGAGLGYGYTF,CASSPTNPAGDTETQYF,0.272
CASNPAGGAGLGYGYTF,CASSLAYILGLGDEQFF,0.169
CASSLSRLAGDYTGELFF,CASSSGLAGVETGELFF,0.185
CASSSGLAGVETGELFF,CASSFLATNEKLFF,0.196
CASSSGLAGVETGELFF,CASSLFAGAETQYF,0.173
CASSLAQGQPQHF,CASSLMANQPQHF,0.169
CASSLAQGQPQHF,CASSYASNQPQHF,0.183
CASSLMANQPQHF,CASSLMTNQPQHF,0.061
CASSLPGTAYEQYF,CASSLGGNLYEQYF,0.125
CASSLPGTAYEQYF,CASSLAPGTTNEKLFF,0.189
CASSLPGTAYEQYF,CASSQARTAYEQYF,0.163
CASSSGVGTEVFF,CASSSGATEAFF,0.165
CASSSGATEAFF,CASSSLNTEAFF,0.143
CASSSGATEAFF,CASPGETEAFF,0.201
CASRENRASNTEAFF,CASSRGTIHSNTEVFF,0.219
CSARDLTSGANNEQFF,CASSLNSGLYNEQFF,0.122
CSARDLTSGANNEQFF,CASGLLTSGSINEQFF,0.204
CSARDLTSGANNEQFF,CARAFESGANVLTF,0.269
CASSQRQEGDTQYF,CASSRSLTDTQYF,0.191
CASRGLQGRIDYNEQFF,CSAVGLAGVRSYEQYF,0.249
CASRGLQGRIDYNEQFF,CASGLTGFMDEQYF,0.257
CSAVGLAGVRSYEQYF,CASSRSLNVNSNQPQHF,0.248
CSAVGLAGVRSYEQYF,CASSLRLVAGRSYNEQFF,0.214
CASSYQSGNTEAFF,CASTNSGNTIYF,0.172
CASSYQSGNTEAFF,CASSLDRPSGMAAETQYF,0.299
CASTNSGNTIYF,CASSTWSQNTGELFF,0.199
CSASLERMNTGELFF,CASSLEREGRGEQFF,0.128
CASSLSFGTEAFF,CASSWSFGTEAFF,0.069
CASSLSFGTEAFF,CASSQDFGRTQYF,0.183
CASSPGLTYPGELFF,CASSQGLAGAGELFF,0.219
CASSQGLAGAGELFF,CASSLGALGETQYF,0.177
CASSLQRGRTDTQYF,CAISAPRGERDEQYF,0.172
CASSLQRGRTDTQYF,CASSHLDRGKKDYEQYF,0.184
CASSSQGWGRVYSEQFF,CASSQGVGENTEAFF,0.227
CASSQGVGENTEAFF,CASSPGGGMNTEAFF,0.17
CASSQGVGENTEAFF,CASSQGFGANVLTF,0.176
CASSYQGGNYGYTF,CASSYPGGGFYEQYF,0.172
CASSQDRHTEAFF,CASSQDRDTQYF,0.144
CASSPTDRGNTGELFF,CASSPGDRGKTNEQFF,0.098
CASSPTDRGNTGELFF,CASSFGQRDRGYWRNTEAFF,0.228
CASSPTDRGNTGELFF,CASSPYPRGGTGELFF,0.126
CASSPGDRGKTNEQFF,CASSLGDRGRGYGYTF,0.149
CASSQERGDNTKNTQYF,CASSATGSNTGELFF,0.237
CASSPGYGSSGNTIYF,CASSLYGSSYNEQFF,0.183
CASSLYGSSYNEQFF,CASSYRSSYEQYF,0.166
CASSLYGSSYNEQFF,CASSLYGSVQNEQFF,0.195
CASSLSRALNNQAPLF,CASSRDLNEQFF,0.205
CASSRDLNEQFF,CASSLWLNEQFF,0.186
CASSRDLNEQFF,CASSRANYEQYF,0.192
CASSEDSGGYNEQFF,CASSADSYGANVLTF,0.187
CASSADSYGANVLTF,CAISEWDSPTLNSPLHF,0.33
CASSVAPGSDTQYF,CASSVAPGSEGEAFF,0.126
CASSAGNTIYF,CASSLGEKLFF,0.183
CASSPHRNTEAFF,CASSPARNTEAFF,0.056
CASSPHRNTEAFF,CASSLPPRNTEAFF,0.128
CASSQDRGLAGGTYNEQFF,CASSRTSATGELFF,0.222
CASSQDRGLAGGTYNEQFF,CSARDRGGENTGELFF,0.23
CASSSLNTEAFF,CASSDPGTEAFF,0.13
CASSVVGYLGYTF,CASSLWKGAGYTF,0.206
CASSLWKGAGYTF,CASSLYRGIGLFF,0.141
CASSSIAGRGEKLFF,CASSIVERAEAFF,0.173
CASSIRASYEQYF,CASSVRASDEQYF,0.192
CASSPQTGVGNYGYTF,CASSYQTGTGNYGYTF,0.16
CASSPSSVADTQYF,CASSSSWADTQYF,0.119
CASSSSWADTQYF,CASSSSPRGDTQYF,0.201
CAIDRVGTGELFF,CASTSRAGFNEQFF,0.163
CAIDRVGTGELFF,CSAIDFPMGNEQFF,0.242
CASTSRAGFNEQFF,CSILGSNAGPQETQYF,0.233
CASTSRAGFNEQFF,CASGSGLAGNEQFF,0.216
CASSYGLEANTEAFF,CASSWGLEVNTEAFF,0.084
CASSYGLEANTEAFF,CASSIGPALNTEAFF,0.174
CASSFLGLNEQFF,CASSESGAGELFF,0.177
CASSDSGEAGELFF,CASSSQGAAGELFF,0.14
CASSHGASTDTQYF,CASTRESTDTQYF,0.178
CASTRESTDTQYF,CASTQGSTDTQYF,0.184
CATSRDGAGLVNQPQHF,CASSRDRTGRANYGYTF,0.226
CATSRDGAGLVNQPQHF,CASGQGALADTQYF,0.277
CASSPSWGEVNTEAFF,CASNPSAGTLYNEQFF,0.206
CASNPSAGTLYNEQFF,CASSQVGTVYGYTF,0.191
CASNPSAGTLYNEQFF,CAISVSGTRVYNEQFF,0.209
CASNPSAGTLYNEQFF,CASSYSKMTAYNSPLHF,0.242
CSAGVGGQETQYF,CASSLEVTGLNTEAFF,0.226
CASSGRTGNTEAFF,CASKRTATYEQYF,0.189
CASKRTATYEQYF,CASSRTGSTYEQYF,0.188
CSVEGLGRAVTQYF,CASSEGLGGALYGYTF,0.099
CASSYRGLSGELFF,CASSYYRLAGELFF,0.182
CASSSPGGVSTEAFF,CASSLYGADTQYF,0.167
CSANPRDESYNEQFF,CASRYRDDSYNEQFF,0.229
CASSNRGLGTDTQYF,CATSATGLRNQPQHF,0.204
CASSPPRSEAFF,CASSDPGTEAFF,0.232
CASSLDSQSSGNTIYF,CASTQSPLAGNEQYF,0.313
CASSPSDYGYTF,CASSLDLYGYTF,0.163
CASSPSDYGYTF,CASSDSYGYTF,0.221
CSARLPRDYSNQPQHF,CASSLRDGSNQAPLF,0.175
CASSLSAVHGYTF,CASSESAGHKAFF,0.193
CASRPRRDNEQFF,CASGLGGSNEQFF,0.228
CASGLGGSNEQFF,CAISGQGASYEQYF,0.157
CAISEVGVGQPQHF,CASSEETGNQPQHF,0.199
CAISEVGVGQPQHF,CASSVEVGTGDNEQFF,0.238
CASSYDRGPREGYTF,CASSLHDRGSRTEAFF,0.268
CASSPPGTSGGRNEQFF,CASSPGTSGVGEQFF,0.173
CASSLGFLGPAAGNTIYF,CASSTILGPGANVLTF,0.151
CASSTILGPGANVLTF,CASRIELPGAGELFF,0.221
CASSEGSLGGGLETQYF,CASSQPSQGGRLEQYF,0.252
CASSQPSQGGRLEQYF,CASSQGPQVRGADTQYF,0.313
CASTGGLGYTF,CASNRGDGYTF,0.144
CASSLIGRDEQFF,CASSLYGADTQYF,0.172
CASSSWDTGELFF,CASSWWDTGELFF,0.109
CASSSWDTGELFF,CASSDSTSGGNEQFF,0.213
CASSWWDTGELFF,CASSDWGDTGQLYF,0.185
CASSVEGGGAKETQYF,CASSVEGGGAQETQYF,0.082
CASSPGSTEAFF,CASSEGDTEAFF,0.117
CASSEGDTEAFF,CASSRGDTEAFF,0.065
CASSQDRDRGPDEKLFF,CASSDREGGPHEQYF,0.256
CASSLAGAGNEQFF,CASSLAGFTGELFF,0.122
CASSLAGAGNEQFF,CASSVAGLGGNTIYF,0.126
CASSLAGFTGELFF,CASSLVAETYEQYF,0.19
CASSRDSNSNQPQHF,CASSVDSGSTNEQFF,0.241
CASSVDSGSTNEQFF,CASSVDSGLGYGYTF,0.137
CASSVDSGSTNEQFF,CASSDSDGSGELFF,0.227
CASSLERETQYF,CASSQIRETQYF,0.106
CASSLERETQYF,CASSQEVETQYF,0.143
CSVGGAYEQYF,CATSATGLRNQPQHF,0.173
CSVGGAYEQYF,CASSHGTGYNQPQHF,0.204
CSVGGAYEQYF,CASSVTGTEADEQFF,0.235
CATSATGLRNQPQHF,CASSLYGAGNSPLHF,0.167
CASSLIGVSSYNEQFF,CASSLAVLSSYNEQFF,0.147
CASSLGQAYEQYF,CASSSGQAYEQYF,0.073
CASSPDRGYEQFF,CASSQQETYEQYF,0.168
CASSIRSAHEQFF,CASSIRSAWAQYF,0.097
CASSIRSAWAQYF,CAWSINSAEAFF,0.204
CASTYHGTGYF,CASSLLGGAGTGELFF,0.224
CASSLLGGAGTGELFF,CASSLAEKANTGELFF,0.19
CASSPTGVGEQFF,CASSLTGGGELFF,0.127
CASSPTGVGEQFF,CASSFSPTAQGLEQYF,0.321
CASSLTGGGELFF,CASSLMGNTEAFF,0.111
CASSLTGGGELFF,CASSLIYPGELFF,0.148
CASSLTGGGELFF,CASSLVGTGELFF,0.095
CASSLGEGRVDGYTF,CASSLGFGRDVMRF,0.199
CASSTGDSNQPQHF,CATGTGDSNQPQHF,0.125
CATGTGDSNQPQHF,CAISTGDSNQPQHF,0.125
CAISTGDSNQPQHF,CASGTGDSNQPQHF,0.125
CASSVRSTGELFF,CASSIRSTGELFF,0.057
CASSVRSTGELFF,CASTSVRDRLEKLFF,0.288
CASSIRSTGELFF,CASSMRSTGELFF,0.03
CASSIRSTGELFF,CASSTRSTGELFF,0.027
CASGDAGGGYEQYF,CAGQVTNTGELFF,0.196
CASSELAGGGDTQYF,CASSPSELAGGRLDTQYF,0.115
CASSELAGGGDTQYF,CAISELVTGDSPLHF,0.219
CASSELAGGGDTQYF,CASSQVVAFGDTQYF,0.249
CAISGQGASYEQYF,CAISGQAVSTDTQYF,0.227
CATSDLLAGGKTGELFF,CASSLAQGGETQYF,0.169
CASSLAQGGETQYF,CSVVQGAECTF,0.186
CASSLAQGGETQYF,CSVVDYGYTF,0.185
CASSLAQGGETQYF,CASSLADRVNTEAFF,0.19
CSVVQGAECTF,CASSPNPQGANMDTQYF,0.286
CASSSPRVAGRPDTQYF,CASSQERKAGGPTEAFF,0.249
CASSDRGMNTEAFF,CASSDRLENNEKLFF,0.161
CASSDRLENNEKLFF,CASSDRDVTGELFF,0.197
CASGQGQETQYF,CASSQEVETQYF,0.263
CASGQGQETQYF,CASGWGSQPQHF,0.284
CASSWGGGEQYF,CASSFGTGEAFF,0.132
CASSFGTGEAFF,CASSLGTGELFF,0.086
CASSFGTGEAFF,CASSFRGGKTQYF,0.182
CASSIDYPSGVQETQYF,CASREDGASGSPDTQYF,0.291
CASSQEGTGSYEQYF,CASSQEGGGETQYF,0.181
CASSQEGGGETQYF,CASSDAGGRNTLYF,0.174
CASSQGQGIADTQYF,CASSVGLGFTDTQYF,0.192
CASSVGLGFTDTQYF,CASSISAGVGVGQETQYF,0.16
CASSFRDSGNTLYF,CASSYRGSGNTIYF,0.166
CASSYRGSGNTIYF,CASSGRGSYNEQFF,0.146
CASSQETQYF,CASSAETQYF,0.065
CASSAETQYF,CASSYNEQFF,0.229
CSAGGWDRVNQPQHF,CSGGQDYNEQFF,0.236
CSANDRTSGSNYNEQFF,CASSPTSGSVYEQFF,0.199
CASSLGTGELFF,CASSHQTGELFF,0.157
CASSFRDYGNYEQYF,CASSFKDTNTGELFF,0.176
CASSFKDTNTGELFF,CASSLRDGYTGELFF,0.159
CSVEEGVLYEQYF,CSAREGVNTEAFF,0.2
CSAREGVNTEAFF,CASTREGLNTGELFF,0.158
CASSPGGGMNTEAFF,CASSPYGGPGNTIYF,0.212
CASSPGGGMNTEAFF,CASRQEGRPMNTEAFF,0.248
CASSIAGSAYEQYF,CASSRTGSTYEQYF,0.18
CASSIAGSAYEQYF,CASSFSGSLTTEAFF,0.213
CASSRTGSTYEQYF,CASSGRGSYNEQFF,0.152
CASSLGALGETQYF,CASSQVLVGETQYF,0.165
CASSSSYEQYF,CASSSVNEQFF,0.114
CASSSSYEQYF,CASSPDIEQYF,0.137
CASSSVNEQFF,CASSSVNVAFF,0.126
CASSPPGRGNTGELFF,CASSPPGPTGRGWYDTF,0.201
CASSPPGRGNTGELFF,CASSPVTGGIYGYTGF,0.203
CASSRTSATGELFF,CSAGTGSANTEAFF,0.253
CASSTIGPYGELFF,CASSGRGSYNEQFF,0.18
CASRVGAGNTEAFF,CASREGLGGTEAFF,0.118
CASREGLGGTEAFF,CASREGDINTGELFF,0.229
CASSLSQGIQNIQYF,CASSLSQGDQPQHF,0.188
CASTQGSTDTQYF,CASSFQGSNEKLFF,0.208
CASSIVAGGYNEQFF,CASSIQKAGYNEQFF,0.193
CASSLVGGEQYF,CASSLIGNEQFF,0.094
CASSLVGGEQYF,CASSLKIGEQFF,0.123
CASSLIGNEQFF,CASSLWLNEQFF,0.132
CASRPGWMAGGVELYF,CASGRIAGELFF,0.258
CASGRIAGELFF,CASKRNTGELFF,0.163
CASSQDPPGRLGKLFF,CASSPPGLPGYTF,0.233
CASSQDPPGRLGKLFF,CASSHDPTWGPGNTIYF,0.293
CASSQDPPGRLGKLFF,CASSPGSSGRLGEQFF,0.285
CASSPPGLPGYTF,CASSLQGASGYTF,0.18
CASSSRAAYEQYF,CASSPSRVLYEQYF,0.105
CASSSRGSGGASSYEQYF,CSVGGSGGADTQYF,0.214
CSVGGSGGADTQYF,CASRIWDGGASTDTQYF,0.19
CSANPEGPYEQYF,CASSLRPDPPYNEQFF,0.278
CAISDPRDSYEQYF,CASSSPHRDSYSPLHF,0.23
CASSDRDRGGNQPQHF,CASSPRDRARGDEQYF,0.234
CASSVEGIDEKLFF,CASSLGIDAIYF,0.258
CASSLGIDAIYF,CASSAGLDAEQYF,0.141
CASSQVRLNTEAFF,CASSQVRGRGEQYF,0.147
CASSQVRLNTEAFF,CASSDNRVWTEAFF,0.161
CASSQVRLNTEAFF,CASSLETVNTEAFF,0.174
CASSQVGTVYGYTF,CASSPGGVYGYTF,0.128
CAWSVPLGRREKLFF,CASSLPPRNTEAFF,0.199
CASSLPPRNTEAFF,CASTEPRGTEAFF,0.192
CASSPTLVTSGNTIYF,CASSQNSVGSYNEQFF,0.226
CSARDGQGSSPLHF,CASVSGQGVSPLHF,0.206
CSARDGQGSSPLHF,CAISEQEDQPQHF,0.333
CSVGTGGTNEKLFF,CSVGSGGTNEKLFF,0.131
CASSQGQDTEAFF,CASSSGQAYEQYF,0.166
CASSSVNVAFF,CASSSVSEAFF,0.178
CASSQETGSASQHF,CASSQETGSYEQFF,0.205
CASSLVGATAFF,CASSLVGTGELFF,0.145
CASSLESWGRAYNEQFF,CASSLGDRGRGYGYTF,0.258
CASSMGTVYLNTEAFF,CASSVGTLYSGANVLTF,0.266
CASRRGSAELYF,CASRRGPYEQYF,0.196
CASSISAGVGVGQETQYF,CASSLNFVGLNQPQHF,0.247
CASSPEETQYF,CASSPDIEQYF,0.204
CASSLYGSVQNEQFF,CASSLNWSQDTQYF,0.222
CASSYQGTEAFF,CASSHQTGELFF,0.163
CASSLPAGQETQYF,CASSLFAGAETQYF,0.146
CASSLFAGAETQYF,CASSLYPGANTEAFF,0.153
CASSDPGVDRNTEAFF,CASSVIPDMNTEAFF,0.242
CASSVIPDMNTEAFF,CASSSIPDFNTEAFF,0.103
CASRPGLAGGRPEQYF,CASPGLAGEYEQYF,0.203
CASSLIRTWDEQYF,CASSLLGGWSEAFF,0.179
CASYWGLAVNEQFF,CASGSGLAGNEQFF,0.227
CSARDMASGRNEQYF,CASRQENSGNTIYF,0.209
CASSLVTGTGKYGYTF,CASSLVVMGTGFTDTQYF,0.153
CASSLVTGTGKYGYTF,CASSPLTGTGVYGYTF,0.153
CASSRGQGPGQETQYF,CASKGQGARDGYTF,0.242
CASSEARRYNEQFF,CASSFARTRWEQYF,0.181
CASSSLTGSGQPQHF,CASSSLRGSNQPQHF,0.076
CASSSLTGSGQPQHF,CASSLGGDIQYF,0.113
CASSTGQGEGLYSNQPQHF,CASSQGFGANVLTF,0.306
CASSQGFGANVLTF,CASSSSGGGAGDTQYF,0.214
CASSQGFGANVLTF,CASSLQGIGAKNIQYF,0.186
CASSVRASDEQYF,CASRARVLDEQFF,0.27
CASSLLTDTQYF,CASSLGGDIQYF,0.136
CASSLLTDTQYF,CATSALGDTQYF,0.181
CASSLAGTGGRFSYEQYF,CASILGTSGREPYEQYF,0.249
CASILGTSGREPYEQYF,CASSLGTSFRTDTQYF,0.162
CASGDAWGYEQYF,CASSMSAMGTEAFF,0.181
CASSQDRASGEYEQYF,CASSQDLASGTYNEQFF,0.145
CSAGTGSANTEAFF,CASRGLSNTGELFF,0.277
CASSPLTGTGVYGYTF,CASSQDRGTGAYGYTF,0.184
CASSWGQGKSSYEQYF,CASSIGQGKSSYEQYF,0.052
CASSLRLVAGRSYNEQFF,CASSIDLAGGSYEQYF,0.193
CASSIDLAGGSYEQYF,CASSTDLATGAYEQYF,0.146
CASSIDLAGGSYEQYF,CASSQDFAGGSYEQYF,0.167
CSAADRGLGETQYF,CASSQDRGTGAYGYTF,0.228
CASSYSIRGSRGEQFF,CWSFAGSYYVF,0.24
CASSLEAVSIHGYTF,CAISGQAVSTDTQYF,0.251
CASSLYRGIGLFF,CASSLGTGGGYTF,0.132
CASSLYRGIGLFF,CASSEFRTRGYTF,0.193
CASSDAGGRNTLYF,CASSLVGGRHGYTF,0.186
CASSFQGYTEAFF,CASSFQGFTEAFF,0.041
CASSLASRVGSPLHF,CASSLADRVNTEAFF,0.206
CASSLSRASGNTLYF,CASSLSWGPGNTIYF,0.201
CASKMGAEAFF,CASSYSKMTAYNSPLHF,0.243
CASSLSGVPHNNEQFF,CASSLDRVSVNTEAFF,0.227
CASRIWDGGASTDTQYF,CTCSAAPDWGASAETLYF,0.255
CASSVLAGDTQYF,CASSQVLVGETQYF,0.173
