dataset,method,train_f1_score,recall,accuracy,n_clusters,eps,min_samples,params
score_eq_3,spectral,0.5508853041834282,0.6079447322970639,0.6079447322970639,250.0,,,{'n_clusters': 250}
score_eq_3,kmeans,0.5281883948679484,0.5820379965457686,0.5820379965457686,250.0,,,{'n_clusters': 250}
score_eq_3,label_propagation,0.4947504182893252,0.5552677029360967,0.5552677029360967,,,,{'seed': 0}
score_eq_3,louvain,0.2565898060934153,0.3436960276338515,0.3436960276338515,,,,{}
score_eq_3,dbscan,0.1396649729987337,0.2797927461139896,0.2797927461139896,,0.9,2.0,"{'eps': 0.9, 'min_samples': 2}"
score_ge_2,spectral,0.43787137395551,0.4961419753086419,0.4961419753086419,500.0,,,{'n_clusters': 500}
score_ge_2,label_propagation,0.425410227200488,0.482253086419753,0.482253086419753,,,,{'seed': 1}
score_ge_2,kmeans,0.391439253186677,0.4483024691358024,0.4483024691358024,500.0,,,{'n_clusters': 500}
score_ge_2,louvain,0.1465010337569915,0.2353395061728395,0.2353395061728395,,,,{}
score_ge_2,dbscan,0.0895716589029685,0.1824845679012345,0.1824845679012345,,0.9,2.0,"{'eps': 0.9, 'min_samples': 2}"
score_ge_1,label_propagation,0.5537476026198473,0.582326764144946,0.582326764144946,,,,{'seed': 2}
score_ge_1,spectral,0.3958910324234667,0.4343293070565798,0.4343293070565798,550.0,,,{'n_clusters': 550}
score_ge_1,kmeans,0.3066465495282284,0.3527018436109345,0.3527018436109345,550.0,,,{'n_clusters': 550}
score_ge_1,louvain,0.1873150703819799,0.263191354100445,0.263191354100445,,,,{}
score_ge_1,dbscan,0.0456280722102087,0.1155753337571519,0.1155753337571519,,0.9,2.0,"{'eps': 0.9, 'min_samples': 2}"
