,A,C,D,E,F,G,H,I,K,L,M,N,P,Q,R,S,T,V,W,Y
A,0.000,3.229,5.171,3.362,3.427,4.264,3.435,3.392,3.827,1.248,4.153,3.900,3.966,3.994,4.650,5.542,3.769,1.730,4.168,5.337
C,3.229,0.000,4.802,4.250,3.105,4.096,2.119,3.624,4.153,2.878,4.008,3.489,2.986,3.605,5.121,5.088,4.168,2.605,2.086,4.640
D,5.171,4.802,0.000,5.954,7.012,7.655,4.055,7.506,6.543,4.281,7.822,6.502,3.450,1.630,8.071,2.296,7.598,4.679,5.862,8.333
E,3.362,4.250,5.954,0.000,2.884,4.688,3.890,3.286,2.870,4.011,3.176,2.935,4.888,4.827,4.005,7.289,3.300,3.765,3.470,3.932
F,3.427,3.105,7.012,2.884,0.000,3.246,3.992,0.949,3.382,4.026,1.452,2.548,4.987,5.747,3.713,7.700,2.099,3.409,2.316,2.545
G,4.264,4.096,7.655,4.688,3.246,0.000,4.975,2.862,3.516,4.931,3.985,2.280,4.647,6.451,2.774,7.714,1.801,4.387,4.278,2.840
H,3.435,2.119,4.055,3.890,3.992,4.975,0.000,4.610,3.396,3.224,4.388,3.671,3.403,2.506,4.916,4.934,4.837,3.588,2.643,5.220
I,3.392,3.624,7.506,3.286,0.949,2.862,4.610,0.000,3.622,4.149,1.845,2.772,5.287,6.257,3.561,8.023,1.655,3.504,3.195,2.660
K,3.827,4.153,6.543,2.870,3.382,3.516,3.396,3.622,0.000,4.625,3.273,1.955,4.907,5.078,1.832,7.446,2.932,4.696,3.607,3.363
L,1.248,2.878,4.281,4.011,4.026,4.931,3.224,4.149,4.625,0.000,4.894,4.525,3.440,3.274,5.625,4.503,4.648,1.284,4.238,6.035
M,4.153,4.008,7.822,3.176,1.452,3.985,4.388,1.845,3.273,4.894,0.000,3.121,6.110,6.425,3.528,8.668,2.737,4.562,2.821,2.699
N,3.900,3.489,6.502,2.935,2.548,2.280,3.671,2.772,1.955,4.525,3.121,0.000,4.057,5.236,2.324,7.207,1.829,4.079,2.919,2.118
P,3.966,2.986,3.450,4.888,4.987,4.647,3.403,5.287,4.907,3.440,6.110,4.057,0.000,2.936,5.880,3.476,5.043,3.125,4.261,5.824
Q,3.994,3.605,1.630,4.827,5.747,6.451,2.506,6.257,5.078,3.274,6.425,5.236,2.936,0.000,6.644,2.987,6.358,3.822,4.616,7.081
R,4.650,5.121,8.071,4.005,3.713,2.774,4.916,3.561,1.832,5.625,3.528,2.324,5.880,6.644,0.000,8.674,2.417,5.517,4.618,2.918
S,5.542,5.088,2.296,7.289,7.700,7.714,4.934,8.023,7.446,4.503,8.668,7.207,3.476,2.987,8.674,0.000,8.096,4.906,6.743,9.048
T,3.769,4.168,7.598,3.300,2.099,1.801,4.837,1.655,2.932,4.648,2.737,1.829,5.043,6.358,2.417,8.096,0.000,4.051,3.775,2.052
V,1.730,2.605,4.679,3.765,3.409,4.387,3.588,3.504,4.696,1.284,4.562,4.079,3.125,3.822,5.517,4.906,4.051,0.000,3.825,5.391
W,4.168,2.086,5.862,3.470,2.316,4.278,2.643,3.195,3.607,4.238,2.821,2.919,4.261,4.616,4.618,6.743,3.775,3.825,0.000,3.439
Y,5.337,4.640,8.333,3.932,2.545,2.840,5.220,2.660,3.363,6.035,2.699,2.118,5.824,7.081,2.918,9.048,2.052,5.391,3.439,0.000
